"STATION","NAME","DATE","DX70","DX90","EMSN","EMXP","EMXT","SNOW","TAVG"
"USC00190736","BLUE HILL, MA US","1919-01","0","0","2.5","1.56","55","3.8","28.5"
"USC00190736","BLUE HILL, MA US","1919-02","0","0","4.0","1.22","45","8.3","27.0"
"USC00190736","BLUE HILL, MA US","1919-03","0","0","1.0","1.12","65","2.9","36.2"
"USC00190736","BLUE HILL, MA US","1919-04","0","0","0.0","1.12","69","0.0","43.8"
"USC00190736","BLUE HILL, MA US","1919-05","14","1",,"1.60","93",,"57.7"
"USC00190736","BLUE HILL, MA US","1919-06","18","3",,"1.18","99",,"64.7"
"USC00190736","BLUE HILL, MA US","1919-07","28","3",,"1.55","98",,"70.4"
"USC00190736","BLUE HILL, MA US","1919-08","21","0",,"3.06","86",,"64.5"
"USC00190736","BLUE HILL, MA US","1919-09","13","0",,"1.76","87",,"59.1"
"USC00190736","BLUE HILL, MA US","1919-10","4","0",,"0.68","81",,"51.0"
"USC00190736","BLUE HILL, MA US","1919-11","0","0","0.5","1.34","63","1.5","38.7"
"USC00190736","BLUE HILL, MA US","1919-12","0","0","1.5","0.65","57","4.5","23.7"
"USC00190736","BLUE HILL, MA US","1920-01","0","0","6.0","0.89","45","27.1","16.0"
"USC00190736","BLUE HILL, MA US","1920-02","0","0","11.0","1.43","43","40.4","21.5"
"USC00190736","BLUE HILL, MA US","1920-03","1","0","7.0","1.76","70","10.6","35.3"
"USC00190736","BLUE HILL, MA US","1920-04","1","0","1.2","1.47","73","1.2","42.0"
"USC00190736","BLUE HILL, MA US","1920-05","10","0","0.1","3.75","86","0.1","53.8"
"USC00190736","BLUE HILL, MA US","1920-06","18","0",,"2.62","88",,"61.2"
"USC00190736","BLUE HILL, MA US","1920-07","29","0",,"0.80","86",,"68.1"
"USC00190736","BLUE HILL, MA US","1920-08","28","0",,"2.44","89",,"69.0"
"USC00190736","BLUE HILL, MA US","1920-09","16","0",,"0.78","84",,"61.3"
"USC00190736","BLUE HILL, MA US","1920-10","9","0",,"1.08","78",,"54.1"
"USC00190736","BLUE HILL, MA US","1920-11","0","0","3.0","2.15","59","5.0","36.4"
"USC00190736","BLUE HILL, MA US","1920-12","0","0","4.0","1.27","59","6.4","30.2"
"USC00190736","BLUE HILL, MA US","1921-01","0","0","4.0","1.11","52","10.4","26.0"
"USC00190736","BLUE HILL, MA US","1921-02","0","0","15.0","1.43","55","27.4","26.6"
"USC00190736","BLUE HILL, MA US","1921-03","2","0","0.0","0.74","81","0.0","42.2"
"USC00190736","BLUE HILL, MA US","1921-04","6","0","0.5","1.10","82","1.1","48.6"
"USC00190736","BLUE HILL, MA US","1921-05","12","2",,"2.53","92",,"55.0"
"USC00190736","BLUE HILL, MA US","1921-06","25","1",,"3.04","93",,"66.3"
"USC00190736","BLUE HILL, MA US","1921-07","27","4",,"3.74","92",,"71.6"
"USC00190736","BLUE HILL, MA US","1921-08","24","1",,"1.54","90",,"66.5"
"USC00190736","BLUE HILL, MA US","1921-09","23","1",,"0.48","90",,"65.7"
"USC00190736","BLUE HILL, MA US","1921-10","5","0",,"0.59","75",,"51.0"
"USC00190736","BLUE HILL, MA US","1921-11","0","0","0.5","1.68","68","1.5","37.2"
"USC00190736","BLUE HILL, MA US","1921-12","0","0","1.5","0.72","58","6.3","27.4"
"USC00190736","BLUE HILL, MA US","1922-01","0","0","4.0","1.02","44","6.5","22.5"
"USC00190736","BLUE HILL, MA US","1922-02","0","0","9.0","0.95","50","23.0","27.0"
"USC00190736","BLUE HILL, MA US","1922-03","1","0","5.5","1.10","76","12.8","35.3"
"USC00190736","BLUE HILL, MA US","1922-04","4","0","3.0","1.47","83","4.0","46.2"
"USC00190736","BLUE HILL, MA US","1922-05","16","0",,"2.74","83",,"59.8"
"USC00190736","BLUE HILL, MA US","1922-06","23","0",,,"88",,"66.8"
"USC00190736","BLUE HILL, MA US","1922-07","28","0",,"1.45","89",,"70.2"
"USC00190736","BLUE HILL, MA US","1922-08","25","0",,"1.80","89",,"69.1"
"USC00190736","BLUE HILL, MA US","1922-09","18","0",,"3.22","82",,
"USC00190736","BLUE HILL, MA US","1922-10","10","0",,"0.77","85",,"52.3"
"USC00190736","BLUE HILL, MA US","1922-11","0","0","1.5","0.68","64","1.6","39.3"
"USC00190736","BLUE HILL, MA US","1922-12","0","0","7.0","1.04","56","23.4","26.8"
"USC00190736","BLUE HILL, MA US","1923-01","0","0","8.6","1.58","51","44.5","21.2"
"USC00190736","BLUE HILL, MA US","1923-02","0","0","7.0","0.74","37","21.3","17.8"
"USC00190736","BLUE HILL, MA US","1923-03","0","0","7.2","0.80","64","11.0","29.3"
"USC00190736","BLUE HILL, MA US","1923-04","4","0","0.5","1.65","85","0.9","44.2"
"USC00190736","BLUE HILL, MA US","1923-05","10","0",,"0.38","86",,"55.7"
"USC00190736","BLUE HILL, MA US","1923-06","24","5",,"1.11","92",,"67.2"
"USC00190736","BLUE HILL, MA US","1923-07","24","1",,"1.12","90",,"68.0"
"USC00190736","BLUE HILL, MA US","1923-08","30","0",,"0.59","89",,"67.9"
"USC00190736","BLUE HILL, MA US","1923-09","20","0",,"0.34","84",,"63.4"
"USC00190736","BLUE HILL, MA US","1923-10","5","0",,"1.55","77",,"51.7"
"USC00190736","BLUE HILL, MA US","1923-11","0","0","0.2","1.25","60","0.3","40.2"
"USC00190736","BLUE HILL, MA US","1923-12","0","0","3.0","1.50","59","6.5","36.1"
"USC00190736","BLUE HILL, MA US","1924-01","0","0","5.0","1.10","57","10.0","27.2"
"USC00190736","BLUE HILL, MA US","1924-02","0","0","7.1","1.74","41","14.7","21.8"
"USC00190736","BLUE HILL, MA US","1924-03","0","0","8.7","0.92","52","15.1","32.2"
"USC00190736","BLUE HILL, MA US","1924-04","0","0","6.5","1.72","66","7.0","43.6"
"USC00190736","BLUE HILL, MA US","1924-05","6","0",,"1.14","74",,"53.7"
"USC00190736","BLUE HILL, MA US","1924-06","20","0",,"0.52","86",,"64.1"
"USC00190736","BLUE HILL, MA US","1924-07","30","3",,"0.91","94",,"71.7"
"USC00190736","BLUE HILL, MA US","1924-08","29","3",,"5.85","95",,"70.1"
"USC00190736","BLUE HILL, MA US","1924-09","12","0",,"5.18","87",,"61.3"
"USC00190736","BLUE HILL, MA US","1924-10","7","0",,"0.11","79",,"52.1"
"USC00190736","BLUE HILL, MA US","1924-11","1","0","1.0","1.09","71","1.3","42.0"
"USC00190736","BLUE HILL, MA US","1924-12","0","0","0.3","0.61","58","0.9","25.8"
"USC00190736","BLUE HILL, MA US","1925-01","0","0","10.0","1.12","42","28.1","22.5"
"USC00190736","BLUE HILL, MA US","1925-02","0","0","0.9","1.01","56","1.0","33.8"
"USC00190736","BLUE HILL, MA US","1925-03","0","0","0.6","1.22","67","1.2","38.8"
"USC00190736","BLUE HILL, MA US","1925-04","4","0","3.0","1.10","81","3.3","46.7"
"USC00190736","BLUE HILL, MA US","1925-05","7","0",,"0.68","79",,"54.7"
"USC00190736","BLUE HILL, MA US","1925-06","28","4",,"0.60","95",,"70.0"
"USC00190736","BLUE HILL, MA US","1925-07","30","1",,"1.54","93",,"70.6"
"USC00190736","BLUE HILL, MA US","1925-08","29","0",,"0.60","88",,"70.2"
"USC00190736","BLUE HILL, MA US","1925-09","16","0",,"2.61","87",,"62.9"
"USC00190736","BLUE HILL, MA US","1925-10","1","0",,"1.05","78",,"47.4"
"USC00190736","BLUE HILL, MA US","1925-11","0","0","0.1","1.36","64","0.1","41.3"
"USC00190736","BLUE HILL, MA US","1925-12","0","0","1.5","1.90","59","2.9","30.4"
"USC00190736","BLUE HILL, MA US","1926-01","0","0","5.5","0.66","54","8.1","28.1"
"USC00190736","BLUE HILL, MA US","1926-02","0","0","14.5","1.80","46","34.7","24.5"
"USC00190736","BLUE HILL, MA US","1926-03","0","0","2.3","0.82","57","9.1","30.3"
"USC00190736","BLUE HILL, MA US","1926-04","2","0","0.5","0.77","77","0.6","41.5"
"USC00190736","BLUE HILL, MA US","1926-05","7","0",,"1.90","80",,"53.6"
"USC00190736","BLUE HILL, MA US","1926-06","17","0",,"0.66","84",,"61.2"
"USC00190736","BLUE HILL, MA US","1926-07","25","3",,"1.42","99",,"69.5"
"USC00190736","BLUE HILL, MA US","1926-08","26","1",,"3.32","91",,"68.4"
"USC00190736","BLUE HILL, MA US","1926-09","14","0",,"0.45","86",,"60.9"
"USC00190736","BLUE HILL, MA US","1926-10","5","0","0.0","1.47","80","0.0","51.1"
"USC00190736","BLUE HILL, MA US","1926-11","1","0","0.0","0.97","70","0.0","41.8"
"USC00190736","BLUE HILL, MA US","1926-12","0","0","11.0","1.15","50","27.3","26.2"
"USC00190736","BLUE HILL, MA US","1927-01","0","0","10.2",,"48","17.6","26.9"
"USC00190736","BLUE HILL, MA US","1927-02","0","0",,"0.89","49",,"29.7"
"USC00190736","BLUE HILL, MA US","1927-03","0","0","0.5","0.84","66","0.7","38.7"
"USC00190736","BLUE HILL, MA US","1927-04","4","0","0.5","0.57","88","0.5","45.9"
"USC00190736","BLUE HILL, MA US","1927-05","3","0",,,"75",,"53.3"
"USC00190736","BLUE HILL, MA US","1927-06","18","0",,"0.61","86",,"62.3"
"USC00190736","BLUE HILL, MA US","1927-07","25","3",,"1.18","92",,"69.6"
"USC00190736","BLUE HILL, MA US","1927-08","23","0",,"3.61","82",,"65.2"
"USC00190736","BLUE HILL, MA US","1927-09","18","0",,"1.62","82",,"62.3"
"USC00190736","BLUE HILL, MA US","1927-10","9","0",,"2.48","85",,"55.0"
"USC00190736","BLUE HILL, MA US","1927-11","5","0","0.1","2.12","73","0.1","45.5"
"USC00190736","BLUE HILL, MA US","1927-12","0","0","2.0","1.10","61","2.2","32.4"
"USC00190736","BLUE HILL, MA US","1928-01","0","0","3.7",,"55","7.2","28.4"
"USC00190736","BLUE HILL, MA US","1928-02","0","0","9.1","1.10","53","12.6","26.1"
"USC00190736","BLUE HILL, MA US","1928-03","1","0","4.0","0.59","71","8.5","33.3"
"USC00190736","BLUE HILL, MA US","1928-04","3","0","0.8","1.42","81","0.8","43.7"
"USC00190736","BLUE HILL, MA US","1928-05","6","0",,"1.25","78",,"53.4"
"USC00190736","BLUE HILL, MA US","1928-06","18","0",,"1.70","87",,"62.5"
"USC00190736","BLUE HILL, MA US","1928-07","29","1",,"1.01","91",,"70.5"
"USC00190736","BLUE HILL, MA US","1928-08","29","9",,"1.52","95",,"71.7"
"USC00190736","BLUE HILL, MA US","1928-09","15","0",,"2.02","83",,"59.3"
"USC00190736","BLUE HILL, MA US","1928-10","12","0",,"1.25","86",,"53.7"
"USC00190736","BLUE HILL, MA US","1928-11","1","0","0.6","0.48","74","1.5","40.8"
"USC00190736","BLUE HILL, MA US","1928-12","0","0","3.5","1.08","59","4.7","34.6"
"USC00190736","BLUE HILL, MA US","1929-01","0","0","6.0","1.40","59","14.5","25.1"
"USC00190736","BLUE HILL, MA US","1929-02","0","0","9.0","1.37","51","25.3","27.6"
"USC00190736","BLUE HILL, MA US","1929-03","0","0","3.5","0.82","69","9.5","37.9"
"USC00190736","BLUE HILL, MA US","1929-04","3","0","2.5","2.45","86","6.0","44.4"
"USC00190736","BLUE HILL, MA US","1929-05","14","4","0.0","0.88","93","0.0","57.5"
"USC00190736","BLUE HILL, MA US","1929-06","24","1",,"2.80","93",,"66.1"
"USC00190736","BLUE HILL, MA US","1929-07","30","4",,"0.42","93",,"70.8"
"USC00190736","BLUE HILL, MA US","1929-08","30","1",,"1.78","91",,"67.8"
"USC00190736","BLUE HILL, MA US","1929-09","17","2",,"0.34","95",,"63.9"
"USC00190736","BLUE HILL, MA US","1929-10","6","0",,"1.24","75",,"50.4"
"USC00190736","BLUE HILL, MA US","1929-11","1","0","4.0","1.80","75","4.0","40.6"
"USC00190736","BLUE HILL, MA US","1929-12","0","0","5.0","0.88","50","13.1","28.1"
"USC00190736","BLUE HILL, MA US","1930-01","0","0","3.5","0.82","60","7.9","27.2"
"USC00190736","BLUE HILL, MA US","1930-02","0","0","4.5","0.68","66","9.1","31.3"
"USC00190736","BLUE HILL, MA US","1930-03","0","0","0.3","1.20","57","0.3","35.7"
"USC00190736","BLUE HILL, MA US","1930-04","2","0","0.0","1.06","73","0.0","45.2"
"USC00190736","BLUE HILL, MA US","1930-05","15","2","0.0","0.96","93","0.0","57.5"
"USC00190736","BLUE HILL, MA US","1930-06","28","3",,"0.82","95",,"69.5"
"USC00190736","BLUE HILL, MA US","1930-07","30","2",,"1.18","92",,"70.5"
"USC00190736","BLUE HILL, MA US","1930-08","24","4","0.0","1.22","96","0.0","67.6"
"USC00190736","BLUE HILL, MA US","1930-09","25","0",,"0.35","89",,"66.5"
"USC00190736","BLUE HILL, MA US","1930-10","3","0","0.1","3.12","84","0.1","48.7"
"USC00190736","BLUE HILL, MA US","1930-11","0","0","0.1","1.77","66","0.1","40.0"
"USC00190736","BLUE HILL, MA US","1930-12","0","0","6.0","1.45","50","12.2","29.4"
"USC00190736","BLUE HILL, MA US","1931-01","0","0","7.5","1.28","51","14.2","26.0"
"USC00190736","BLUE HILL, MA US","1931-02","0","0","4.5","1.70","46","14.4","26.1"
"USC00190736","BLUE HILL, MA US","1931-03","0","0",,"1.29","52",,"34.3"
"USC00190736","BLUE HILL, MA US","1931-04","3","0","2.0","1.64","77","2.8","46.4"
"USC00190736","BLUE HILL, MA US","1931-05","15","1","0.0","1.19","91","0.0","56.9"
"USC00190736","BLUE HILL, MA US","1931-06","20","1",,"2.51","93",,"63.8"
"USC00190736","BLUE HILL, MA US","1931-07","30","3","0.0","1.04","97","0.0","72.2"
"USC00190736","BLUE HILL, MA US","1931-08","27","2",,"1.81","95",,"69.4"
"USC00190736","BLUE HILL, MA US","1931-09","19","3","0.0","0.91","91","0.0","64.5"
"USC00190736","BLUE HILL, MA US","1931-10","10","0",,"1.18","80",,"56.1"
"USC00190736","BLUE HILL, MA US","1931-11","3","0","0.3","0.52","75","0.3","46.5"
"USC00190736","BLUE HILL, MA US","1931-12","0","0","1.5","0.70","56","2.1","32.8"
"USC00190736","BLUE HILL, MA US","1932-01","0","0","6.1","1.77","63","10.7","35.4"
"USC00190736","BLUE HILL, MA US","1932-02","0","0","6.8","0.70","48","10.7","26.9"
"USC00190736","BLUE HILL, MA US","1932-03","0","0",,"2.31","57",,"31.1"
"USC00190736","BLUE HILL, MA US","1932-04","3","0","0.2","0.78","74","0.2","44.4"
"USC00190736","BLUE HILL, MA US","1932-05","13","0","0.0","0.62","87","0.0","56.8"
"USC00190736","BLUE HILL, MA US","1932-06","20","0",,"0.92","86",,"63.3"
"USC00190736","BLUE HILL, MA US","1932-07","30","0","0.0","0.88","86","0.0","69.3"
"USC00190736","BLUE HILL, MA US","1932-08","31","0",,"1.38","85",,"70.4"
"USC00190736","BLUE HILL, MA US","1932-09","14","0","0.0","3.50","84","0.0","61.5"
"USC00190736","BLUE HILL, MA US","1932-10","8","0","0.0","3.64","77","0.0","53.2"
"USC00190736","BLUE HILL, MA US","1932-11","0","0","0.0","1.68","64","0.0","39.2"
"USC00190736","BLUE HILL, MA US","1932-12","0","0","2.6","0.40","62","10.9","34.3"
"USC00190736","BLUE HILL, MA US","1933-01","0","0","0.8","0.90","55","2.5","34.2"
"USC00190736","BLUE HILL, MA US","1933-02","0","0","11.1",,"59","23.4","29.7"
"USC00190736","BLUE HILL, MA US","1933-03","0","0","4.3","1.73","55","18.8","31.9"
"USC00190736","BLUE HILL, MA US","1933-04","2","0","6.8","1.95","72","6.9","43.4"
"USC00190736","BLUE HILL, MA US","1933-05","17","0","0.0","1.77","84","0.0","58.7"
"USC00190736","BLUE HILL, MA US","1933-06","24","1","0.0","0.54","94","0.0","66.3"
"USC00190736","BLUE HILL, MA US","1933-07","25","1","0.0","1.68","92","0.0","68.2"
"USC00190736","BLUE HILL, MA US","1933-08","26","1","0.0","1.03","90","0.0","68.2"
"USC00190736","BLUE HILL, MA US","1933-09","14","0","0.0","5.12","80","0.0","62.4"
"USC00190736","BLUE HILL, MA US","1933-10","1","0","0.0","0.88","72","0.0","50.4"
"USC00190736","BLUE HILL, MA US","1933-11","0","0","3.1","0.34","66","5.7","35.4"
"USC00190736","BLUE HILL, MA US","1933-12","0","0","9.8","0.85","47","20.3","24.1"
"USC00190736","BLUE HILL, MA US","1934-01","0","0","0.4","0.88","54","1.4","26.7"
"USC00190736","BLUE HILL, MA US","1934-02","0","0","15.0","1.90","41","34.7","14.1"
"USC00190736","BLUE HILL, MA US","1934-03","0","0","6.3","0.82","65","9.4","31.8"
"USC00190736","BLUE HILL, MA US","1934-04","2","0","0.0","1.68","73","0.0","46.0"
"USC00190736","BLUE HILL, MA US","1934-05","14","0",,"0.73","84",,"58.6"
"USC00190736","BLUE HILL, MA US","1934-06","20","1","0.0","1.28","91","0.0","65.3"
"USC00190736","BLUE HILL, MA US","1934-07","31","1","0.0","0.48","91","0.0","71.6"
"USC00190736","BLUE HILL, MA US","1934-08","22","0","0.0","0.67","86","0.0","65.6"
"USC00190736","BLUE HILL, MA US","1934-09","16","0","0.0","0.98","81","0.0","63.9"
"USC00190736","BLUE HILL, MA US","1934-10","0","0","4.2","0.86","68","4.2","47.5"
"USC00190736","BLUE HILL, MA US","1934-11","0","0","0.0",,"68","0.0","43.0"
"USC00190736","BLUE HILL, MA US","1934-12","0","0","0.8","1.24","62","1.5","26.7"
"USC00190736","BLUE HILL, MA US","1935-01","0","0","16.0","2.74","54","27.2","21.3"
"USC00190736","BLUE HILL, MA US","1935-02","0","0","6.3",,"49","10.4","25.3"
"USC00190736","BLUE HILL, MA US","1935-03","1","0","1.6","0.66","70","3.1","36.7"
"USC00190736","BLUE HILL, MA US","1935-04","2","0","4.0",,"83","5.1","43.7"
"USC00190736","BLUE HILL, MA US","1935-05","8","0","0.0","0.91","84","0.0","53.9"
"USC00190736","BLUE HILL, MA US","1935-06","20","0",,"1.23","86",,"63.7"
"USC00190736","BLUE HILL, MA US","1935-07","30","0",,"0.83","89",,"70.8"
"USC00190736","BLUE HILL, MA US","1935-08","25","1","0.0","2.28","91","0.0","69.0"
"USC00190736","BLUE HILL, MA US","1935-09","14","0",,"0.65","77",,"59.7"
"USC00190736","BLUE HILL, MA US","1935-10","5","0","0.0","0.27","76","0.0","51.6"
"USC00190736","BLUE HILL, MA US","1935-11","0","0","2.5","1.50","69","3.4","43.0"
"USC00190736","BLUE HILL, MA US","1935-12","0","0","0.8","0.63","43","0.9","23.9"
"USC00190736","BLUE HILL, MA US","1936-01","0","0",,"2.34","52",,"24.5"
"USC00190736","BLUE HILL, MA US","1936-02","0","0","9.0","1.76","43","12.2","19.7"
"USC00190736","BLUE HILL, MA US","1936-03","0","0",,"1.80","67",,"41.1"
"USC00190736","BLUE HILL, MA US","1936-04","3","0","0.0","1.04","79","0.0","42.4"
"USC00190736","BLUE HILL, MA US","1936-05","13","0","0.0","0.85","88","0.0","58.2"
"USC00190736","BLUE HILL, MA US","1936-06","23","0",,"0.72","82",,"64.1"
"USC00190736","BLUE HILL, MA US","1936-07","29","1",,"0.81","92",,"68.1"
"USC00190736","BLUE HILL, MA US","1936-08","26","0",,"2.75","89",,"68.3"
"USC00190736","BLUE HILL, MA US","1936-09","13","0",,"3.69","86",,"60.9"
"USC00190736","BLUE HILL, MA US","1936-10","5","0","0.0","1.34","75","0.0","51.1"
"USC00190736","BLUE HILL, MA US","1936-11","1","0","4.5","0.46","72","4.9","36.7"
"USC00190736","BLUE HILL, MA US","1936-12","0","0","0.0","1.69","55","0.0","32.6"
"USC00190736","BLUE HILL, MA US","1937-01","0","0","1.8","0.67","62","2.7","35.0"
"USC00190736","BLUE HILL, MA US","1937-02","0","0","0.3","0.63","56","0.4","30.9"
"USC00190736","BLUE HILL, MA US","1937-03","0","0","2.0","1.42","54","4.3","31.1"
"USC00190736","BLUE HILL, MA US","1937-04","0","0","0.0","1.80","69","0.0","43.0"
"USC00190736","BLUE HILL, MA US","1937-05","13","0",,"1.17","89",,"57.7"
"USC00190736","BLUE HILL, MA US","1937-06","21","1",,"1.41","90",,"65.0"
"USC00190736","BLUE HILL, MA US","1937-07","28","4",,"0.34","93",,"71.1"
"USC00190736","BLUE HILL, MA US","1937-08","28","4",,"1.29","93",,"72.4"
"USC00190736","BLUE HILL, MA US","1937-09","15","0",,"1.33","88",,"60.4"
"USC00190736","BLUE HILL, MA US","1937-10","1","0",,"1.74","73",,"49.8"
"USC00190736","BLUE HILL, MA US","1937-11","0","0","1.3","1.43","63","2.3","41.1"
"USC00190736","BLUE HILL, MA US","1937-12","0","0","2.5","1.54","51","5.6","28.2"
"USC00190736","BLUE HILL, MA US","1938-01","0","0",,,"55",,"25.4"
"USC00190736","BLUE HILL, MA US","1938-02","0","0","7.7","0.85","50","15.9","28.8"
"USC00190736","BLUE HILL, MA US","1938-03","2","0","0.6","0.93","89","1.6","37.5"
"USC00190736","BLUE HILL, MA US","1938-04","8","0","0.6","0.87","89","0.6","47.6"
"USC00190736","BLUE HILL, MA US","1938-05","4","0",,"1.61","79",,"54.3"
"USC00190736","BLUE HILL, MA US","1938-06","22","1",,"2.09","90",,"64.7"
"USC00190736","BLUE HILL, MA US","1938-07","26","0",,"2.09","87",,"69.9"
"USC00190736","BLUE HILL, MA US","1938-08","30","3",,"1.34","92",,"71.5"
"USC00190736","BLUE HILL, MA US","1938-09","18","0",,"1.47","80",,"60.5"
"USC00190736","BLUE HILL, MA US","1938-10","7","0",,"1.28","84",,"54.6"
"USC00190736","BLUE HILL, MA US","1938-11","4","0","9.5","0.85","75","14.1","43.8"
"USC00190736","BLUE HILL, MA US","1938-12","0","0","1.5","1.23","57","3.7","31.4"
"USC00190736","BLUE HILL, MA US","1939-01","0","0","2.3","1.08","52","10.7","25.9"
"USC00190736","BLUE HILL, MA US","1939-02","0","0","5.0","0.84","62","7.8","30.1"
"USC00190736","BLUE HILL, MA US","1939-03","0","0","9.3","1.27","54","25.0","31.2"
"USC00190736","BLUE HILL, MA US","1939-04","0","0","1.0","0.96","67","1.0","41.6"
"USC00190736","BLUE HILL, MA US","1939-05","14","0",,"0.91","89",,"56.0"
"USC00190736","BLUE HILL, MA US","1939-06","23","0",,"0.67","87",,"64.8"
"USC00190736","BLUE HILL, MA US","1939-07","31","3",,"0.70","93",,"70.2"
"USC00190736","BLUE HILL, MA US","1939-08","29","2",,"0.73","90",,"72.8"
"USC00190736","BLUE HILL, MA US","1939-09","16","1",,"0.86","91",,"61.5"
"USC00190736","BLUE HILL, MA US","1939-10","8","0",,"3.73","84",,"51.8"
"USC00190736","BLUE HILL, MA US","1939-11","0","0","2.1","1.19","58","2.4","37.8"
"USC00190736","BLUE HILL, MA US","1939-12","0","0","5.9","1.08","57","7.3","31.0"
"USC00190736","BLUE HILL, MA US","1940-01","0","0","2.1","1.88","49","8.5","19.3"
"USC00190736","BLUE HILL, MA US","1940-02","0","0","11.2","2.07","44","34.4","26.5"
"USC00190736","BLUE HILL, MA US","1940-03","0","0","0.9","1.20","61","1.9","29.4"
"USC00190736","BLUE HILL, MA US","1940-04","1","0","3.0","1.10","73","3.4","41.2"
"USC00190736","BLUE HILL, MA US","1940-05","9","0",,"1.12","76",,"54.6"
"USC00190736","BLUE HILL, MA US","1940-06","21","0",,"1.14","89",,"63.1"
"USC00190736","BLUE HILL, MA US","1940-07","27","3",,"1.45","91",,"69.6"
"USC00190736","BLUE HILL, MA US","1940-08","25","0",,"0.95","84",,"66.5"
"USC00190736","BLUE HILL, MA US","1940-09","16","0",,"1.71","83",,"61.0"
"USC00190736","BLUE HILL, MA US","1940-10","4","0","0.0","0.44","76","0.0","47.5"
"USC00190736","BLUE HILL, MA US","1940-11","1","0","9.1","1.41","71","9.7","39.7"
"USC00190736","BLUE HILL, MA US","1940-12","0","0","4.0","0.70","55","5.2","31.4"
"USC00190736","BLUE HILL, MA US","1941-01","0","0","12.5","1.26","42","25.8","22.6"
"USC00190736","BLUE HILL, MA US","1941-02","0","0","1.2","0.72","47","1.5","26.6"
"USC00190736","BLUE HILL, MA US","1941-03","0","0",,,"50",,"30.1"
"USC00190736","BLUE HILL, MA US","1941-04","10","0","0.0","0.75","87","0.0","50.0"
"USC00190736","BLUE HILL, MA US","1941-05","15","0","0.0","0.68","88","0.0","57.7"
"USC00190736","BLUE HILL, MA US","1941-06","19","3",,"1.39","92",,"65.8"
"USC00190736","BLUE HILL, MA US","1941-07","27","2",,"0.95","92",,"69.7"
"USC00190736","BLUE HILL, MA US","1941-08","29","1",,,"90",,"68.2"
"USC00190736","BLUE HILL, MA US","1941-09","21","1",,"0.82","91",,"64.0"
"USC00190736","BLUE HILL, MA US","1941-10","7","0",,"0.47","84",,"53.1"
"USC00190736","BLUE HILL, MA US","1941-11","1","0","0.0","0.89","72","0.0","45.6"
"USC00190736","BLUE HILL, MA US","1941-12","0","0","0.4","1.74","58","0.4","32.8"
"USC00190736","BLUE HILL, MA US","1942-01","0","0","6.1","0.85","56","12.7","25.4"
"USC00190736","BLUE HILL, MA US","1942-02","0","0","4.4","1.14","45","9.6","24.4"
"USC00190736","BLUE HILL, MA US","1942-03","0","0","5.2","1.92","63","11.6","38.1"
"USC00190736","BLUE HILL, MA US","1942-04","5","0","3.2","0.48","86","5.5","48.0"
"USC00190736","BLUE HILL, MA US","1942-05","18","0",,"1.02","85",,"60.3"
"USC00190736","BLUE HILL, MA US","1942-06","22","0","0.0","0.61","89","0.0","65.4"
"USC00190736","BLUE HILL, MA US","1942-07","27","1",,"1.27","91",,"69.1"
"USC00190736","BLUE HILL, MA US","1942-08","26","0",,"0.81","88",,"68.1"
"USC00190736","BLUE HILL, MA US","1942-09","18","0",,"0.92","88",,"62.9"
"USC00190736","BLUE HILL, MA US","1942-10","5","0",,"1.26","80",,"53.6"
"USC00190736","BLUE HILL, MA US","1942-11","0","0","0.0","1.40","69","0.0","41.1"
"USC00190736","BLUE HILL, MA US","1942-12","0","0","6.8","1.75","58","11.3","25.9"
"USC00190736","BLUE HILL, MA US","1943-01","0","0","8.0","1.09","46","31.2","23.2"
"USC00190736","BLUE HILL, MA US","1943-02","0","0","2.6","0.32","60","6.2","28.7"
"USC00190736","BLUE HILL, MA US","1943-03","0","0","6.2","1.02","66","12.3","33.7"
"USC00190736","BLUE HILL, MA US","1943-04","1","0","0.2","0.76","73","0.3","41.6"
"USC00190736","BLUE HILL, MA US","1943-05","14","0",,"1.01","84",,"56.7"
"USC00190736","BLUE HILL, MA US","1943-06","27","3",,"0.58","93",,"68.7"
"USC00190736","BLUE HILL, MA US","1943-07","29","1",,"0.85","90",,"72.2"
"USC00190736","BLUE HILL, MA US","1943-08","28","1",,"0.58","91",,"69.2"
"USC00190736","BLUE HILL, MA US","1943-09","16","0",,"0.36","87",,"61.8"
"USC00190736","BLUE HILL, MA US","1943-10","8","0","0.0","1.78","80","0.0","52.4"
"USC00190736","BLUE HILL, MA US","1943-11","0","0","2.6","0.93","65","4.4","40.7"
"USC00190736","BLUE HILL, MA US","1943-12","0","0","0.1","0.86","50","0.1","26.6"
"USC00190736","BLUE HILL, MA US","1944-01","0","0","3.0","1.00","56","7.0","28.7"
"USC00190736","BLUE HILL, MA US","1944-02","0","0","5.4","0.73","53","11.2","26.9"
"USC00190736","BLUE HILL, MA US","1944-03","0","0","11.1","1.15","62","14.6","32.3"
"USC00190736","BLUE HILL, MA US","1944-04","1","0","0.0","1.10","74","0.0","43.1"
"USC00190736","BLUE HILL, MA US","1944-05","21","1",,"0.36","92",,"62.8"
"USC00190736","BLUE HILL, MA US","1944-06","19","2",,"2.50","92",,"65.5"
"USC00190736","BLUE HILL, MA US","1944-07","31","3",,"1.37","91",,"72.4"
"USC00190736","BLUE HILL, MA US","1944-08","29","10",,"0.98","99",,"72.5"
"USC00190736","BLUE HILL, MA US","1944-09","19","0",,"3.66","88",,"63.6"
"USC00190736","BLUE HILL, MA US","1944-10","3","0","0.0","2.34","82","0.0","51.6"
"USC00190736","BLUE HILL, MA US","1944-11","0","0","5.2","2.50","68","8.4","40.8"
"USC00190736","BLUE HILL, MA US","1944-12","0","0",,"1.16","50",,"27.5"
"USC00190736","BLUE HILL, MA US","1945-01","0","0","6.8","1.12","57","22.3","21.2"
"USC00190736","BLUE HILL, MA US","1945-02","0","0","10.0",,"48","25.5","27.5"
"USC00190736","BLUE HILL, MA US","1945-03","5","0","1.8","0.76","85","3.3","44.8"
"USC00190736","BLUE HILL, MA US","1945-04","7","0","0.0","0.85","85","0.0","51.4"
"USC00190736","BLUE HILL, MA US","1945-05","6","0","0.0","0.98","77","0.0","53.8"
"USC00190736","BLUE HILL, MA US","1945-06","21","3","0.0","2.61","92","0.0","65.3"
"USC00190736","BLUE HILL, MA US","1945-07","29","1",,"1.03","90",,"70.2"
"USC00190736","BLUE HILL, MA US","1945-08","28","1","0.0","1.34","90","0.0","68.4"
"USC00190736","BLUE HILL, MA US","1945-09","20","2",,"0.40","91",,"65.1"
"USC00190736","BLUE HILL, MA US","1945-10","6","0",,"0.79","81",,"51.0"
"USC00190736","BLUE HILL, MA US","1945-11","3","0","10.2","1.97","71","16.7","43.3"
"USC00190736","BLUE HILL, MA US","1945-12","0","0","18.4","1.92","49","45.2","25.3"
"USC00190736","BLUE HILL, MA US","1946-01","0","0","5.8","1.63","54","11.9","26.0"
"USC00190736","BLUE HILL, MA US","1946-02","0","0","11.2","1.39","55","14.0","24.9"
"USC00190736","BLUE HILL, MA US","1946-03","5","0","1.6","0.49","83","2.5","45.5"
"USC00190736","BLUE HILL, MA US","1946-04","0","0","0.9","0.97","67","0.9","44.3"
"USC00190736","BLUE HILL, MA US","1946-05","11","0","0.0","0.90","83","0.0","56.2"
"USC00190736","BLUE HILL, MA US","1946-06","24","2",,"1.26","90",,"65.3"
"USC00190736","BLUE HILL, MA US","1946-07","27","4",,"0.49","94",,"69.8"
"USC00190736","BLUE HILL, MA US","1946-08","22","0",,"2.77","87",,"65.7"
"USC00190736","BLUE HILL, MA US","1946-09","23","0","0.0","1.73","85","0.0","64.3"
"USC00190736","BLUE HILL, MA US","1946-10","12","0","0.0","0.20","83","0.0","56.7"
"USC00190736","BLUE HILL, MA US","1946-11","1","0","0.0","0.51","70","0.0","45.2"
"USC00190736","BLUE HILL, MA US","1946-12","0","0","3.0","2.37","62","7.9","31.9"
"USC00190736","BLUE HILL, MA US","1947-01","0","0","3.7","1.07","58","7.8","30.1"
"USC00190736","BLUE HILL, MA US","1947-02","0","0","8.7","1.06","50","11.3","26.5"
"USC00190736","BLUE HILL, MA US","1947-03","0","0","1.6","1.18","56","3.5","34.4"
"USC00190736","BLUE HILL, MA US","1947-04","3","0","1.9","1.11","72","3.5","45.3"
"USC00190736","BLUE HILL, MA US","1947-05","11","0","0.0","1.10","85","0.0","55.5"
"USC00190736","BLUE HILL, MA US","1947-06","21","0",,"1.59","87",,"63.0"
"USC00190736","BLUE HILL, MA US","1947-07","30","0","0.0","1.59","88","0.0","72.2"
"USC00190736","BLUE HILL, MA US","1947-08","28","5","0.0","1.22","95","0.0","70.7"
"USC00190736","BLUE HILL, MA US","1947-09","20","0","0.0","2.73","85","0.0","62.2"
"USC00190736","BLUE HILL, MA US","1947-10","19","0",,"0.74","86",,"59.6"
"USC00190736","BLUE HILL, MA US","1947-11","0","0","4.2","3.39","58","4.8","38.2"
"USC00190736","BLUE HILL, MA US","1947-12","0","0","11.9","1.28","58","39.4","27.5"
"USC00190736","BLUE HILL, MA US","1948-01","0","0","13.0","1.18","41","56.3","20.6"
"USC00190736","BLUE HILL, MA US","1948-02","0","0","4.8","0.63","50","21.7","24.0"
"USC00190736","BLUE HILL, MA US","1948-03","1","0","7.1","0.73","71","13.8","35.9"
"USC00190736","BLUE HILL, MA US","1948-04","2","0","0.0","0.91","72","0.0","45.8"
"USC00190736","BLUE HILL, MA US","1948-05","7","0","0.0","1.28","84","0.0","53.6"
"USC00190736","BLUE HILL, MA US","1948-06","16","1","0.0","0.84","90","0.0","61.7"
"USC00190736","BLUE HILL, MA US","1948-07","30","1",,,"90",,"71.1"
"USC00190736","BLUE HILL, MA US","1948-08","30","5",,"0.79","99",,"71.5"
"USC00190736","BLUE HILL, MA US","1948-09","22","1",,"0.23","90",,"64.1"
"USC00190736","BLUE HILL, MA US","1948-10","5","0","0.0","1.97","78","0.0","51.5"
"USC00190736","BLUE HILL, MA US","1948-11","3","0","1.8","1.89","70","1.8","47.3"
"USC00190736","BLUE HILL, MA US","1948-12","0","0","5.5","0.64","56","10.9","33.0"
"USC00190736","BLUE HILL, MA US","1949-01","0","0","4.8","0.96","56","13.9","32.5"
"USC00190736","BLUE HILL, MA US","1949-02","0","0","4.2","0.54","58","8.4","31.8"
"USC00190736","BLUE HILL, MA US","1949-03","1","0","9.4","0.99","76","22.2","36.9"
"USC00190736","BLUE HILL, MA US","1949-04","6","0","0.0","1.22","78","0.0","48.8"
"USC00190736","BLUE HILL, MA US","1949-05","15","1","0.0","1.03","92","0.0","58.0"
"USC00190736","BLUE HILL, MA US","1949-06","26","4","0.0","0.35","92","0.0","69.0"
"USC00190736","BLUE HILL, MA US","1949-07","31","10","0.0","0.63","99","0.0","74.8"
"USC00190736","BLUE HILL, MA US","1949-08","31","8","0.0","0.57","101","0.0","72.8"
"USC00190736","BLUE HILL, MA US","1949-09","13","0","0.0","1.36","84","0.0","61.2"
"USC00190736","BLUE HILL, MA US","1949-10","7","0","0.0","1.28","85","0.0","56.2"
"USC00190736","BLUE HILL, MA US","1949-11","0","0","1.4","1.31","66","1.8","40.6"
"USC00190736","BLUE HILL, MA US","1949-12","0","0","2.7","0.60","61","5.6","33.7"
"USC00190736","BLUE HILL, MA US","1950-01","0","0","2.7","0.62","68","6.2","33.7"
"USC00190736","BLUE HILL, MA US","1950-02","0","0","8.1","1.56","49","21.1","25.4"
"USC00190736","BLUE HILL, MA US","1950-03","1","0","4.7","1.24","70","14.1","30.7"
"USC00190736","BLUE HILL, MA US","1950-04","2","0","0.1","0.87","72","0.1","44.6"
"USC00190736","BLUE HILL, MA US","1950-05","9","0","0.0","0.52","76","0.0","54.3"
"USC00190736","BLUE HILL, MA US","1950-06","26","2","0.0","0.50","91","0.0","66.3"
"USC00190736","BLUE HILL, MA US","1950-07","31","3","0.0","1.78","93","0.0","70.8"
"USC00190736","BLUE HILL, MA US","1950-08","26","0","0.0","2.55","85","0.0","68.3"
"USC00190736","BLUE HILL, MA US","1950-09","12","0","0.0","0.48","84","0.0","58.9"
"USC00190736","BLUE HILL, MA US","1950-10","5","0","0.0","1.24","81","0.0","54.0"
"USC00190736","BLUE HILL, MA US","1950-11","1","0","0.5","3.41","81","0.5","45.2"
"USC00190736","BLUE HILL, MA US","1950-12","0","0","3.0","1.20","63","4.6","32.3"
"USC00190736","BLUE HILL, MA US","1951-01","0","0","7.5","1.03","59","15.0","31.1"
"USC00190736","BLUE HILL, MA US","1951-02","0","0","9.7","1.13","64","14.6","32.0"
"USC00190736","BLUE HILL, MA US","1951-03","0","0","2.0","1.02","67","6.7","36.4"
"USC00190736","BLUE HILL, MA US","1951-04","1","0","0.0","1.56","70","0.0","48.4"
"USC00190736","BLUE HILL, MA US","1951-05","13","1","0.0","2.13","90","0.0","57.4"
"USC00190736","BLUE HILL, MA US","1951-06","20","0","0.0","1.35","89","0.0","63.9"
"USC00190736","BLUE HILL, MA US","1951-07","28","1","0.0","1.10","90","0.0","71.6"
"USC00190736","BLUE HILL, MA US","1951-08","29","0","0.0","1.52","89","0.0","68.5"
"USC00190736","BLUE HILL, MA US","1951-09","21","0","0.0","0.76","86","0.0","62.9"
"USC00190736","BLUE HILL, MA US","1951-10","3","0","0.0","1.46","75","0.0","52.8"
"USC00190736","BLUE HILL, MA US","1951-11","0","0","0.2","1.92","68","0.3","39.3"
"USC00190736","BLUE HILL, MA US","1951-12","0","0","7.5","1.31","61","12.3","32.4"
"USC00190736","BLUE HILL, MA US","1952-01","0","0","6.7","0.83","53","19.0","30.2"
"USC00190736","BLUE HILL, MA US","1952-02","0","0","9.2","1.92","48","26.1","29.8"
"USC00190736","BLUE HILL, MA US","1952-03","0","0","1.2","1.48","61","3.3","34.2"
"USC00190736","BLUE HILL, MA US","1952-04","5","0","0.0","1.46","78","0.0","48.5"
"USC00190736","BLUE HILL, MA US","1952-05","9","0","0.0","1.28","81","0.0","55.3"
"USC00190736","BLUE HILL, MA US","1952-06","27","1","0.0","1.06","96","0.0","67.8"
"USC00190736","BLUE HILL, MA US","1952-07","30","13","0.0","0.08","99","0.0","75.7"
"USC00190736","BLUE HILL, MA US","1952-08","30","0","0.0","2.27","89","0.0","70.4"
"USC00190736","BLUE HILL, MA US","1952-09","21","0","0.0","0.29","87","0.0","64.3"
"USC00190736","BLUE HILL, MA US","1952-10","5","0","0.0","0.80","75","0.0","51.0"
"USC00190736","BLUE HILL, MA US","1952-11","1","0","0.1","0.86","70","0.1","42.9"
"USC00190736","BLUE HILL, MA US","1952-12","0","0","4.0","1.20","53","7.5","32.4"
"USC00190736","BLUE HILL, MA US","1953-01","0","0","9.3","1.99","55","22.7","32.1"
"USC00190736","BLUE HILL, MA US","1953-02","0","0","7.3","1.21","56","17.2","32.5"
"USC00190736","BLUE HILL, MA US","1953-03","0","0","0.6","2.51","67","0.6","37.3"
"USC00190736","BLUE HILL, MA US","1953-04","1","0","8.4","1.40","70","8.4","46.7"
"USC00190736","BLUE HILL, MA US","1953-05","12","0","0.0","1.06","86","0.0","57.3"
"USC00190736","BLUE HILL, MA US","1953-06","26","3","0.0","0.59","94","0.0","67.6"
"USC00190736","BLUE HILL, MA US","1953-07","28","2","0.0","1.82","92","0.0","70.6"
"USC00190736","BLUE HILL, MA US","1953-08","30","4","0.0","1.26","95","0.0","69.4"
"USC00190736","BLUE HILL, MA US","1953-09","19","3","0.0","1.18","99","0.0","63.9"
"USC00190736","BLUE HILL, MA US","1953-10","9","0","0.0","2.27","78","0.0","54.3"
"USC00190736","BLUE HILL, MA US","1953-11","3","0","0.0","2.19","72","0.0","45.9"
"USC00190736","BLUE HILL, MA US","1953-12","0","0","0.0","1.67","61","0.0","36.8"
"USC00190736","BLUE HILL, MA US","1954-01","0","0","7.7","0.78","51","28.1","23.4"
"USC00190736","BLUE HILL, MA US","1954-02","0","0","0.7","0.84","62","1.8","34.6"
"USC00190736","BLUE HILL, MA US","1954-03","0","0","1.8","0.95","68","3.1","36.2"
"USC00190736","BLUE HILL, MA US","1954-04","5","0","2.6","1.68","84","2.6","47.8"
"USC00190736","BLUE HILL, MA US","1954-05","10","0","0.0","2.72","80","0.0","54.0"
"USC00190736","BLUE HILL, MA US","1954-06","20","0","0.0","0.83","87","0.0","64.3"
"USC00190736","BLUE HILL, MA US","1954-07","30","2","0.0","0.67","93","0.0","69.3"
"USC00190736","BLUE HILL, MA US","1954-08","27","0","0.0","2.46","88","0.0","66.6"
"USC00190736","BLUE HILL, MA US","1954-09","12","0","0.0","5.23","81","0.0","59.9"
"USC00190736","BLUE HILL, MA US","1954-10","9","0","0.0","1.11","87","0.0","56.2"
"USC00190736","BLUE HILL, MA US","1954-11","0","0","0.1","1.80","63","0.1","41.6"
"USC00190736","BLUE HILL, MA US","1954-12","0","0","11.4","1.19","56","18.7","31.3"
"USC00190736","BLUE HILL, MA US","1955-01","0","0","0.5","0.49","44","1.1","25.1"
"USC00190736","BLUE HILL, MA US","1955-02","0","0","4.6","1.07","53","8.5","29.6"
"USC00190736","BLUE HILL, MA US","1955-03","0","0","6.1","1.17","60","13.7","35.0"
"USC00190736","BLUE HILL, MA US","1955-04","3","0","0.8","1.09","75","0.8","46.8"
"USC00190736","BLUE HILL, MA US","1955-05","18","0","0.0","0.55","87","0.0","60.2"
"USC00190736","BLUE HILL, MA US","1955-06","21","0","0.0","1.79","89","0.0","63.9"
"USC00190736","BLUE HILL, MA US","1955-07","30","7","0.0","0.72","94","0.0","74.3"
"USC00190736","BLUE HILL, MA US","1955-08","28","6","0.0","8.07","98","0.0","72.1"
"USC00190736","BLUE HILL, MA US","1955-09","14","0","0.0","1.19","86","0.0","61.4"
"USC00190736","BLUE HILL, MA US","1955-10","3","0","0.0","2.90","79","0.0","53.0"
"USC00190736","BLUE HILL, MA US","1955-11","0","0","2.7","4.26","56","5.2","38.7"
"USC00190736","BLUE HILL, MA US","1955-12","0","0","1.2","0.48","45","3.4","23.4"
"USC00190736","BLUE HILL, MA US","1956-01","0","0","13.4","3.00","43","14.7","27.2"
"USC00190736","BLUE HILL, MA US","1956-02","0","0","7.9","1.11","49","20.4","29.4"
"USC00190736","BLUE HILL, MA US","1956-03","0","0","17.6","1.69","50","52.0","30.5"
"USC00190736","BLUE HILL, MA US","1956-04","1","0","9.3","1.78","78","11.1","42.6"
"USC00190736","BLUE HILL, MA US","1956-05","7","1","0.0","0.41","90","0.0","53.2"
"USC00190736","BLUE HILL, MA US","1956-06","24","3","0.0","1.22","93","0.0","66.6"
"USC00190736","BLUE HILL, MA US","1956-07","24","0","0.0","1.74","88","0.0","68.3"
"USC00190736","BLUE HILL, MA US","1956-08","28","1","0.0","0.61","91","0.0","69.2"
"USC00190736","BLUE HILL, MA US","1956-09","11","0","0.0","1.83","87","0.0","58.5"
"USC00190736","BLUE HILL, MA US","1956-10","5","0","0.0","2.18","84","0.0","53.6"
"USC00190736","BLUE HILL, MA US","1956-11","1","0","0.7","1.53","74","0.7","43.6"
"USC00190736","BLUE HILL, MA US","1956-12","0","0","7.5","1.52","58","22.8","33.3"
"USC00190736","BLUE HILL, MA US","1957-01","0","0","9.5","0.83","54","24.6","21.7"
"USC00190736","BLUE HILL, MA US","1957-02","0","0","3.0","0.77","67","4.5","31.8"
"USC00190736","BLUE HILL, MA US","1957-03","0","0","11.4","1.39","62","24.7","36.0"
"USC00190736","BLUE HILL, MA US","1957-04","6","0","1.3","0.97","84","3.6","48.0"
"USC00190736","BLUE HILL, MA US","1957-05","16","0","0.0","1.28","88","0.0","57.7"
"USC00190736","BLUE HILL, MA US","1957-06","26","2","0.0","0.82","91","0.0","68.4"
"USC00190736","BLUE HILL, MA US","1957-07","31","6","0.0","0.14","96","0.0","72.0"
"USC00190736","BLUE HILL, MA US","1957-08","26","1","0.0","0.56","94","0.0","67.7"
"USC00190736","BLUE HILL, MA US","1957-09","25","1","0.0","0.54","91","0.0","64.9"
"USC00190736","BLUE HILL, MA US","1957-10",,,"0.1","1.28",,"0.1",
"USC00190736","BLUE HILL, MA US","1957-11","0","0","0.2","1.65","68","0.2","43.8"
"USC00190736","BLUE HILL, MA US","1957-12","0","0","0.2","1.17","61","0.2","36.9"
"USC00190736","BLUE HILL, MA US","1958-01","0","0","6.5","2.63","52","22.3","28.5"
"USC00190736","BLUE HILL, MA US","1958-02","0","0","18.6","1.91","42","26.4","22.2"
"USC00190736","BLUE HILL, MA US","1958-03","0","0","10.6","1.43","55","30.6","35.4"
"USC00190736","BLUE HILL, MA US","1958-04","4","0","9.5","1.50","75","10.6","46.9"
"USC00190736","BLUE HILL, MA US","1958-05","7","0","0.0","1.07","79","0.0","53.6"
"USC00190736","BLUE HILL, MA US","1958-06","16","0","0.0","0.41","86","0.0","61.8"
"USC00190736","BLUE HILL, MA US","1958-07","28","2","0.0","1.28","90","0.0","70.6"
"USC00190736","BLUE HILL, MA US","1958-08","29","0","0.0","1.72","86","0.0","69.0"
"USC00190736","BLUE HILL, MA US","1958-09","17","0","0.0","2.19","87","0.0","61.8"
"USC00190736","BLUE HILL, MA US","1958-10","4","0","0.0","1.24","79","0.0","50.2"
"USC00190736","BLUE HILL, MA US","1958-11","0","0","0.0","1.19","64","0.0","43.1"
"USC00190736","BLUE HILL, MA US","1958-12","0","0","2.8","1.05","50","7.7","22.6"
"USC00190736","BLUE HILL, MA US","1959-01","0","0","1.9","0.73","58","4.7","26.1"
"USC00190736","BLUE HILL, MA US","1959-02","0","0","4.5","1.10","49","10.9","23.6"
"USC00190736","BLUE HILL, MA US","1959-03","0","0","9.7","1.38","67","22.3","34.6"
"USC00190736","BLUE HILL, MA US","1959-04","5","0","0.0","0.89","75","0.0","46.9"
"USC00190736","BLUE HILL, MA US","1959-05","16","0","0.0","0.37","89","0.0","60.2"
"USC00190736","BLUE HILL, MA US","1959-06","18","1","0.0","1.50","90","0.0","61.7"
"USC00190736","BLUE HILL, MA US","1959-07","30","0","0.0","1.87","89","0.0","70.9"
"USC00190736","BLUE HILL, MA US","1959-08","26","7","0.0","0.41","93","0.0","71.5"
"USC00190736","BLUE HILL, MA US","1959-09","22","0","0.0","0.23","88","0.0","65.7"
"USC00190736","BLUE HILL, MA US","1959-10","6","0","0.0","1.04","83","0.0","51.5"
"USC00190736","BLUE HILL, MA US","1959-11","2","0","1.2","1.27","71","1.5","40.9"
"USC00190736","BLUE HILL, MA US","1959-12","0","0","2.7","1.30","59","5.8","32.4"
"USC00190736","BLUE HILL, MA US","1960-01","0","0","3.4","1.28","53","11.6","27.2"
"USC00190736","BLUE HILL, MA US","1960-02","0","0","1.0","1.22","55","4.1","32.3"
"USC00190736","BLUE HILL, MA US","1960-03","0","0","17.3","1.80","58","33.9","29.0"
"USC00190736","BLUE HILL, MA US","1960-04","3","0","0.0","1.11","75","0.0","46.4"
"USC00190736","BLUE HILL, MA US","1960-05","13","0","0.0","0.76","79","0.0","57.8"
"USC00190736","BLUE HILL, MA US","1960-06","24","0","0.0","1.01","88","0.0","66.4"
"USC00190736","BLUE HILL, MA US","1960-07","30","1","0.0","1.97","90","0.0","69.5"
"USC00190736","BLUE HILL, MA US","1960-08","26","1","0.0","0.89","90","0.0","68.9"
"USC00190736","BLUE HILL, MA US","1960-09","14","1","0.0","2.79","90","0.0","61.0"
"USC00190736","BLUE HILL, MA US","1960-10","3","0","1.8","1.34","80","3.0","51.4"
"USC00190736","BLUE HILL, MA US","1960-11","0","0","0.0","1.25","65","0.0","45.3"
"USC00190736","BLUE HILL, MA US","1960-12","0","0","20.3","1.67","54","27.1","25.9"
"USC00190736","BLUE HILL, MA US","1961-01","0","0","13.0","1.12","51","21.1","21.7"
"USC00190736","BLUE HILL, MA US","1961-02","0","0","15.0","1.63","62","16.0","29.6"
"USC00190736","BLUE HILL, MA US","1961-03","0","0","5.2","1.20","67","17.4","34.9"
"USC00190736","BLUE HILL, MA US","1961-04","1","0","1.3","1.26","70","3.5","42.8"
"USC00190736","BLUE HILL, MA US","1961-05","8","0","0.0","1.24","86","0.0","54.5"
"USC00190736","BLUE HILL, MA US","1961-06","28","1","0.0","0.43","91","0.0","66.8"
"USC00190736","BLUE HILL, MA US","1961-07","26","0","0.0","0.99","88","0.0","70.2"
"USC00190736","BLUE HILL, MA US","1961-08","27","0","0.0","1.02","88","0.0","69.6"
"USC00190736","BLUE HILL, MA US","1961-09","21","3","0.0","5.58","92","0.0","66.8"
"USC00190736","BLUE HILL, MA US","1961-10","9","0","0.0","1.09","78","0.0","54.7"
"USC00190736","BLUE HILL, MA US","1961-11","1","0","2.2","1.39","74","2.7","41.8"
"USC00190736","BLUE HILL, MA US","1961-12","0","0","12.3","1.60","54","18.3","29.6"
"USC00190736","BLUE HILL, MA US","1962-01","0","0","3.8","1.59","55","4.7","25.7"
"USC00190736","BLUE HILL, MA US","1962-02","0","0","9.0","1.07","59","30.1","24.2"
"USC00190736","BLUE HILL, MA US","1962-03","1","0","0.6","0.99","74","1.5","35.7"
"USC00190736","BLUE HILL, MA US","1962-04","6","0","2.0","2.28","88","3.0","47.5"
"USC00190736","BLUE HILL, MA US","1962-05","13","1","0.0","0.49","91","0.0","55.8"
"USC00190736","BLUE HILL, MA US","1962-06","23","0","0.0","0.72","87","0.0","65.5"
"USC00190736","BLUE HILL, MA US","1962-07","26","1","0.0","1.17","90","0.0","67.4"
"USC00190736","BLUE HILL, MA US","1962-08","26","0","0.0","2.88","87","0.0","67.7"
"USC00190736","BLUE HILL, MA US","1962-09","15","0","0.0","2.26","84","0.0","59.8"
"USC00190736","BLUE HILL, MA US","1962-10","4","0","3.0","3.78","77","3.0","51.4"
"USC00190736","BLUE HILL, MA US","1962-11","0","0","2.5","1.35","63","3.4","39.0"
"USC00190736","BLUE HILL, MA US","1962-12","0","0","4.8","1.37","62","6.1","26.7"
"USC00190736","BLUE HILL, MA US","1963-01","0","0","5.2","0.97","51","8.0","26.1"
"USC00190736","BLUE HILL, MA US","1963-02","0","0","5.7","1.27","46","8.4","22.6"
"USC00190736","BLUE HILL, MA US","1963-03","1","0","6.6","0.95","72","17.6","36.0"
"USC00190736","BLUE HILL, MA US","1963-04","4","0","0.0","0.79","73","0.0","46.3"
"USC00190736","BLUE HILL, MA US","1963-05","17","0","0.0","0.84","86","0.0","56.9"
"USC00190736","BLUE HILL, MA US","1963-06","22","2","0.0","0.33","92","0.0","66.2"
"USC00190736","BLUE HILL, MA US","1963-07","29","10","0.0","0.72","97","0.0","71.8"
"USC00190736","BLUE HILL, MA US","1963-08","29","0","0.0","1.15","87","0.0","67.4"
"USC00190736","BLUE HILL, MA US","1963-09","13","0","0.0","1.55","83","0.0","58.0"
"USC00190736","BLUE HILL, MA US","1963-10","16","0","0.2","1.48","88","0.2","57.6"
"USC00190736","BLUE HILL, MA US","1963-11","1","0","0.0","2.69","72","0.0","45.0"
"USC00190736","BLUE HILL, MA US","1963-12","0","0","6.0","0.72","50","25.2","22.7"
"USC00190736","BLUE HILL, MA US","1964-01","0","0","12.6","0.99","52","20.1","29.4"
"USC00190736","BLUE HILL, MA US","1964-02","0","0","11.4","1.62","45","32.2","26.2"
"USC00190736","BLUE HILL, MA US","1964-03","1","0","3.4","1.86","72","8.4","36.5"
"USC00190736","BLUE HILL, MA US","1964-04","2","0","0.0","1.28","81","0.0","44.4"
"USC00190736","BLUE HILL, MA US","1964-05","18","2","0.0","0.32","92","0.0","59.8"
"USC00190736","BLUE HILL, MA US","1964-06","20","2","0.0","0.58","94","0.0","65.3"
"USC00190736","BLUE HILL, MA US","1964-07","26","3","0.0","1.37","98","0.0","70.1"
"USC00190736","BLUE HILL, MA US","1964-08","26","1","0.0","0.68","90","0.0","65.4"
"USC00190736","BLUE HILL, MA US","1964-09","15","0","0.0","1.17","85","0.0","60.7"
"USC00190736","BLUE HILL, MA US","1964-10","5","0","0.0","0.93","79","0.0","51.6"
"USC00190736","BLUE HILL, MA US","1964-11","0","0","0.0","1.28","66","0.0","42.9"
"USC00190736","BLUE HILL, MA US","1964-12","0","0","5.5","1.87","59","11.9","30.3"
"USC00190736","BLUE HILL, MA US","1965-01","0","0","14.0","1.10","55","33.0","22.8"
"USC00190736","BLUE HILL, MA US","1965-02","0","0","2.9","1.67","55","5.0","26.2"
"USC00190736","BLUE HILL, MA US","1965-03","0","0","4.1","0.55","58","11.8","33.4"
"USC00190736","BLUE HILL, MA US","1965-04","1","0","3.7","0.65","76","3.7","43.3"
"USC00190736","BLUE HILL, MA US","1965-05","18","1","0.0","0.63","90","0.0","59.5"
"USC00190736","BLUE HILL, MA US","1965-06","23","1","0.0","1.01","90","0.0","65.4"
"USC00190736","BLUE HILL, MA US","1965-07","31","3","0.0","0.46","94","0.0","70.7"
"USC00190736","BLUE HILL, MA US","1965-08","25","4","0.0","0.49","94","0.0","70.1"
"USC00190736","BLUE HILL, MA US","1965-09","18","0","0.0","1.36","89","0.0","62.0"
"USC00190736","BLUE HILL, MA US","1965-10","4","0","0.0","0.66","80","0.0","51.2"
"USC00190736","BLUE HILL, MA US","1965-11","0","0","0.0","0.61","67","0.0","38.9"
"USC00190736","BLUE HILL, MA US","1965-12","0","0","0.7","0.81","62","2.4","32.5"
"USC00190736","BLUE HILL, MA US","1966-01","0","0","14.6","1.69","58","46.0","24.8"
"USC00190736","BLUE HILL, MA US","1966-02","0","0","13.6","1.90","52","20.5","28.2"
"USC00190736","BLUE HILL, MA US","1966-03","0","0","3.0","0.51","65","4.8","37.1"
"USC00190736","BLUE HILL, MA US","1966-04","0","0","0.0","0.49","67","0.0","42.9"
"USC00190736","BLUE HILL, MA US","1966-05","10","0","0.0","0.79","84","0.0","54.5"
"USC00190736","BLUE HILL, MA US","1966-06","22","1","0.0","1.00","92","0.0","66.6"
"USC00190736","BLUE HILL, MA US","1966-07","31","4","0.0","2.11","95","0.0","72.2"
"USC00190736","BLUE HILL, MA US","1966-08","28","2","0.0","0.89","90","0.0","69.7"
"USC00190736","BLUE HILL, MA US","1966-09","14","1","0.0","1.55","90","0.0","60.5"
"USC00190736","BLUE HILL, MA US","1966-10","4","0","0.0","1.47","78","0.0","51.9"
"USC00190736","BLUE HILL, MA US","1966-11","0","0","0.0","1.56","67","0.0","44.5"
"USC00190736","BLUE HILL, MA US","1966-12","0","0","3.9","0.86","68","13.8","30.9"
"USC00190736","BLUE HILL, MA US","1967-01","0","0","1.4","0.82","61","2.4","32.2"
"USC00190736","BLUE HILL, MA US","1967-02","0","0","16.2","1.51","56","45.2","23.4"
"USC00190736","BLUE HILL, MA US","1967-03","0","0","12.0","2.05","65","41.0","30.9"
"USC00190736","BLUE HILL, MA US","1967-04","3","0","4.5","0.90","77","7.2","43.3"
"USC00190736","BLUE HILL, MA US","1967-05","5","0","0.0","3.73","76","0.0","50.5"
"USC00190736","BLUE HILL, MA US","1967-06","24","2","0.0","2.11","92","0.0","66.2"
"USC00190736","BLUE HILL, MA US","1967-07","31","0","0.0","1.09","87","0.0","71.3"
"USC00190736","BLUE HILL, MA US","1967-08","25","0","0.0","0.93","87","0.0","69.1"
"USC00190736","BLUE HILL, MA US","1967-09","16","0","0.0","2.40","82","0.0","61.2"
"USC00190736","BLUE HILL, MA US","1967-10","6","0","0.0","0.38","80","0.0","52.7"
"USC00190736","BLUE HILL, MA US","1967-11","0","0","4.0","0.76","68","5.8","37.2"
"USC00190736","BLUE HILL, MA US","1967-12","0","0","9.5","2.16","54","22.8","32.0"
"USC00190736","BLUE HILL, MA US","1968-01","0","0","9.8","1.30","49","23.2","22.6"
"USC00190736","BLUE HILL, MA US","1968-02","0","0","3.5","0.64","51","5.7","22.9"
"USC00190736","BLUE HILL, MA US","1968-03","1","0","5.1","5.61","71","10.2","37.0"
"USC00190736","BLUE HILL, MA US","1968-04","2","0","0.0","0.90","78","0.0","48.8"
"USC00190736","BLUE HILL, MA US","1968-05","7","0","0.0","1.49","78","0.0","54.6"
"USC00190736","BLUE HILL, MA US","1968-06","20","1","0.0","1.18","91","0.0","62.9"
"USC00190736","BLUE HILL, MA US","1968-07","29","4","0.0","0.37","94","0.0","72.5"
"USC00190736","BLUE HILL, MA US","1968-08","30","1","0.0","1.09","92","0.0","68.8"
"USC00190736","BLUE HILL, MA US","1968-09","21","0","0.0","1.18","85","0.0","63.8"
"USC00190736","BLUE HILL, MA US","1968-10","9","0","0.0","0.97","85","0.0","54.9"
"USC00190736","BLUE HILL, MA US","1968-11","0","0","0.3","1.72","61","0.4","40.1"
"USC00190736","BLUE HILL, MA US","1968-12","0","0","1.8","1.87","54","5.2","27.0"
"USC00190736","BLUE HILL, MA US","1969-01","0","0","0.4","0.71","47","0.9","26.5"
"USC00190736","BLUE HILL, MA US","1969-02","0","0","27.4","3.10","39","65.4","26.7"
"USC00190736","BLUE HILL, MA US","1969-03","0","0","8.3","1.30","56","11.9","32.7"
"USC00190736","BLUE HILL, MA US","1969-04","6","0","0.0","1.71","81","0.0","49.0"
"USC00190736","BLUE HILL, MA US","1969-05","10","0","0.0","1.65","85","0.0","56.7"
"USC00190736","BLUE HILL, MA US","1969-06","25","2","0.0","0.61","91","0.0","66.6"
"USC00190736","BLUE HILL, MA US","1969-07","24","2","0.0","1.29","93","0.0","68.8"
"USC00190736","BLUE HILL, MA US","1969-08","31","2","0.0","0.73","91","0.0","72.2"
"USC00190736","BLUE HILL, MA US","1969-09","14","1","0.0","1.97","93","0.0","61.7"
"USC00190736","BLUE HILL, MA US","1969-10","4","0","0.0","1.18","77","0.0","51.6"
"USC00190736","BLUE HILL, MA US","1969-11","0","0","0.0","1.51","61","0.0","41.6"
"USC00190736","BLUE HILL, MA US","1969-12","0","0","8.4","3.64","59","21.0","28.9"
"USC00190736","BLUE HILL, MA US","1970-01","0","0","2.9","0.25","45","10.6","17.8"
"USC00190736","BLUE HILL, MA US","1970-02","0","0","4.0","2.14","54","8.0","28.6"
"USC00190736","BLUE HILL, MA US","1970-03","0","0","7.5","0.94","57","20.8","33.4"
"USC00190736","BLUE HILL, MA US","1970-04","5","0","1.0","1.83","80","1.0","47.1"
"USC00190736","BLUE HILL, MA US","1970-05","15","1","0.0","1.72","90","0.0","58.0"
"USC00190736","BLUE HILL, MA US","1970-06","20","0","0.0","0.92","88","0.0","64.7"
"USC00190736","BLUE HILL, MA US","1970-07","30","5","0.0","0.43","94","0.0","72.1"
"USC00190736","BLUE HILL, MA US","1970-08","30","2","0.0","2.71","90","0.0","71.1"
"USC00190736","BLUE HILL, MA US","1970-09","19","0","0.0","0.74","89","0.0","62.6"
"USC00190736","BLUE HILL, MA US","1970-10","8","0","0.0","1.57","76","0.0","53.8"
"USC00190736","BLUE HILL, MA US","1970-11","0","0","0.0","1.67","63","0.0","43.3"
"USC00190736","BLUE HILL, MA US","1970-12","0","0","6.0","2.52","59","26.5","25.5"
"USC00190736","BLUE HILL, MA US","1971-01","0","0","7.0","0.53","49","12.2","20.6"
"USC00190736","BLUE HILL, MA US","1971-02","0","0","2.0","1.33","54","5.3","28.3"
"USC00190736","BLUE HILL, MA US","1971-03","0","0","4.3","0.89","64","9.6","34.2"
"USC00190736","BLUE HILL, MA US","1971-04","0","0","3.8","1.26","69","4.8","43.1"
"USC00190736","BLUE HILL, MA US","1971-05","8","0","0.0","1.28","79","0.0","55.1"
"USC00190736","BLUE HILL, MA US","1971-06","28","2","0.0","0.56","93","0.0","66.8"
"USC00190736","BLUE HILL, MA US","1971-07","31","2","0.0","1.03","92","0.0","71.7"
"USC00190736","BLUE HILL, MA US","1971-08","30","2","0.0","0.60","91","0.0","70.9"
"USC00190736","BLUE HILL, MA US","1971-09","19","1","0.0","0.53","90","0.0","65.7"
"USC00190736","BLUE HILL, MA US","1971-10","8","0","0.0","1.51","83","0.0","57.3"
"USC00190736","BLUE HILL, MA US","1971-11","1","0","9.0","2.22","74","12.0","38.8"
"USC00190736","BLUE HILL, MA US","1971-12","0","0","3.5","0.75","62","10.7","31.7"
"USC00190736","BLUE HILL, MA US","1972-01","0","0","2.5","0.46","55","6.2","28.5"
"USC00190736","BLUE HILL, MA US","1972-02","0","0","6.7","2.73","54","24.1","25.3"
"USC00190736","BLUE HILL, MA US","1972-03","0","0","9.2","2.36","62","21.8","32.4"
"USC00190736","BLUE HILL, MA US","1972-04","2","0","2.5","1.14","78","4.5","41.9"
"USC00190736","BLUE HILL, MA US","1972-05","14","0","0.0","1.19","83","0.0","55.7"
"USC00190736","BLUE HILL, MA US","1972-06","18","0","0.0","1.12","82","0.0","62.9"
"USC00190736","BLUE HILL, MA US","1972-07","29","1","0.0","0.83","91","0.0","70.5"
"USC00190736","BLUE HILL, MA US","1972-08","29","0","0.0","0.55","87","0.0","68.0"
"USC00190736","BLUE HILL, MA US","1972-09","18","0","0.0","3.82","82","0.0","62.1"
"USC00190736","BLUE HILL, MA US","1972-10","2","0","1.0","1.75","72","1.0","47.9"
"USC00190736","BLUE HILL, MA US","1972-11","0","0","1.0","2.24","60","2.0","38.0"
"USC00190736","BLUE HILL, MA US","1972-12","0","0","4.0","1.19","60","9.2","31.3"
"USC00190736","BLUE HILL, MA US","1973-01","0","0","2.9","1.48","62","6.1","29.2"
"USC00190736","BLUE HILL, MA US","1973-02","0","0","1.5","1.82","55","4.0","26.8"
"USC00190736","BLUE HILL, MA US","1973-03","0","0","2.0","0.75","65","2.0","41.3"
"USC00190736","BLUE HILL, MA US","1973-04","5","0","0.0","1.37","82","0.0","48.4"
"USC00190736","BLUE HILL, MA US","1973-05","7","0","0.0","0.86","82","0.0","55.3"
"USC00190736","BLUE HILL, MA US","1973-06","25","2","0.0","1.47","92","0.0","67.8"
"USC00190736","BLUE HILL, MA US","1973-07","29","2","0.0","1.33","92","0.0","71.3"
"USC00190736","BLUE HILL, MA US","1973-08","29","3","0.0","1.31","92","0.0","72.5"
"USC00190736","BLUE HILL, MA US","1973-09","16","2","0.0","1.30","91","0.0","61.9"
"USC00190736","BLUE HILL, MA US","1973-10","5","0","0.0","1.32","75","0.0","52.8"
"USC00190736","BLUE HILL, MA US","1973-11","0","0","0.0","0.49","68","0.0","41.6"
"USC00190736","BLUE HILL, MA US","1973-12","0","0","0.4","2.93","60","0.4","35.2"
"USC00190736","BLUE HILL, MA US","1974-01","0","0","9.3","0.90","63","17.4","28.5"
"USC00190736","BLUE HILL, MA US","1974-02","0","0","5.4","1.05","56","13.6","26.5"
"USC00190736","BLUE HILL, MA US","1974-03","0","0","0.3","2.67","69","0.4","36.4"
"USC00190736","BLUE HILL, MA US","1974-04","7","0","3.0","1.42","85","3.0","48.7"
"USC00190736","BLUE HILL, MA US","1974-05","6","0","0.0","0.66","88","0.0","53.4"
"USC00190736","BLUE HILL, MA US","1974-06","19","1","0.0","0.75","92","0.0","64.1"
"USC00190736","BLUE HILL, MA US","1974-07","31","2","0.0","0.69","91","0.0","70.3"
"USC00190736","BLUE HILL, MA US","1974-08","29","1","0.0","1.74","90","0.0","71.2"
"USC00190736","BLUE HILL, MA US","1974-09","15","0","0.0","1.68","85","0.0","61.5"
"USC00190736","BLUE HILL, MA US","1974-10","3","0","0.0","2.82","76","0.0","47.6"
"USC00190736","BLUE HILL, MA US","1974-11","1","0","3.0","0.44","74","4.8","41.5"
"USC00190736","BLUE HILL, MA US","1974-12","0","0","5.3","2.09","58","7.3","33.8"
"USC00190736","BLUE HILL, MA US","1975-01","0","0","2.6","1.45","59","5.1","30.9"
"USC00190736","BLUE HILL, MA US","1975-02","0","0","9.3","1.39","52","20.1","28.5"
"USC00190736","BLUE HILL, MA US","1975-03","0","0","1.3","0.93","56","4.2","34.1"
"USC00190736","BLUE HILL, MA US","1975-04","0","0","3.7","2.02","68","6.3","42.6"
"USC00190736","BLUE HILL, MA US","1975-05","18","1","0.0","2.05","91","0.0","60.0"
"USC00190736","BLUE HILL, MA US","1975-06","20","1","0.0","2.05","90","0.0","64.6"
"USC00190736","BLUE HILL, MA US","1975-07","30","1","0.0","1.43","91","0.0","73.0"
"USC00190736","BLUE HILL, MA US","1975-08","25","2","0.0","2.42","101","0.0","69.3"
"USC00190736","BLUE HILL, MA US","1975-09","13","0","0.0","1.84","77","0.0","59.9"
"USC00190736","BLUE HILL, MA US","1975-10","7","0","0.0","2.79","80","0.0","54.4"
"USC00190736","BLUE HILL, MA US","1975-11","4","0","2.3","1.75","73","2.3","47.9"
"USC00190736","BLUE HILL, MA US","1975-12","0","0","8.8","1.77","64","24.0","30.5"
"USC00190736","BLUE HILL, MA US","1976-01","0","0","6.0","1.02","54","17.3","21.9"
"USC00190736","BLUE HILL, MA US","1976-02","0","0","1.7","1.07","67","2.4","34.0"
"USC00190736","BLUE HILL, MA US","1976-03","1","0","4.0","0.88","70","13.7","37.5"
"USC00190736","BLUE HILL, MA US","1976-04","7","2","0.0","0.83","94","0.0","51.4"
"USC00190736","BLUE HILL, MA US","1976-05","15","0","0.0","0.84","83","0.0","57.0"
"USC00190736","BLUE HILL, MA US","1976-06","27","1","0.0","0.48","91","0.0","69.3"
"USC00190736","BLUE HILL, MA US","1976-07","29","1","0.0","1.84","90","0.0","70.0"
"USC00190736","BLUE HILL, MA US","1976-08","26","0","0.0","3.08","89","0.0","68.5"
"USC00190736","BLUE HILL, MA US","1976-09","15","0","0.0","0.94","85","0.0","61.3"
"USC00190736","BLUE HILL, MA US","1976-10","3","0","0.0","2.54","73","0.0","48.0"
"USC00190736","BLUE HILL, MA US","1976-11","0","0","1.6","0.32","61","1.6","37.2"
"USC00190736","BLUE HILL, MA US","1976-12","0","0","13.1","1.14","55","22.5","24.2"
"USC00190736","BLUE HILL, MA US","1977-01","0","0","16.0","1.97","47","27.1","18.6"
"USC00190736","BLUE HILL, MA US","1977-02","0","0","4.2","0.73","46","9.5","27.4"
"USC00190736","BLUE HILL, MA US","1977-03","2","0","9.0","1.36","83","12.7","41.9"
"USC00190736","BLUE HILL, MA US","1977-04","6","0","0.0","1.38","85","0.0","48.1"
"USC00190736","BLUE HILL, MA US","1977-05","18","0","5.0","2.29","89","7.8","59.5"
"USC00190736","BLUE HILL, MA US","1977-06","22","0","0.0","1.83","86","0.0","63.7"
"USC00190736","BLUE HILL, MA US","1977-07","29","6","0.0","1.45","100","0.0","71.5"
"USC00190736","BLUE HILL, MA US","1977-08","31","2","0.0","0.65","92","0.0","70.8"
"USC00190736","BLUE HILL, MA US","1977-09","14","0","0.0","1.45","88","0.0","61.3"
"USC00190736","BLUE HILL, MA US","1977-10","4","0","0.0","1.29","74","0.0","51.1"
"USC00190736","BLUE HILL, MA US","1977-11","1","0","0.8","2.05","72","0.8","43.4"
"USC00190736","BLUE HILL, MA US","1977-12","0","0","2.5","1.58","52","7.6","29.0"
"USC00190736","BLUE HILL, MA US","1978-01","0","0","19.0","1.95","59","35.6","23.5"
"USC00190736","BLUE HILL, MA US","1978-02","0","0","17.1","1.69","40","30.4","22.3"
"USC00190736","BLUE HILL, MA US","1978-03","0","0","8.8","1.02","57","19.0","32.6"
"USC00190736","BLUE HILL, MA US","1978-04","1","0","0.1","1.06","73","0.1","44.2"
"USC00190736","BLUE HILL, MA US","1978-05","13","0","0.0","1.63","89","0.0","56.6"
"USC00190736","BLUE HILL, MA US","1978-06","27","0","0.0","0.41","85","0.0","65.5"
"USC00190736","BLUE HILL, MA US","1978-07","29","3","0.0","1.42","97","0.0","70.5"
"USC00190736","BLUE HILL, MA US","1978-08","25","0","0.0","2.16","89","0.0","69.9"
"USC00190736","BLUE HILL, MA US","1978-09","13","0","0.0","0.54","85","0.0","58.9"
"USC00190736","BLUE HILL, MA US","1978-10","4","0","0.0","1.01","79","0.0","50.3"
"USC00190736","BLUE HILL, MA US","1978-11","0","0","3.2","0.48","68","7.5","40.8"
"USC00190736","BLUE HILL, MA US","1978-12","0","0","4.2","1.49","60","8.0","31.3"
"USC00190736","BLUE HILL, MA US","1979-01","0","0","3.2","2.49","57","9.0","28.2"
"USC00190736","BLUE HILL, MA US","1979-02","0","0","3.8","2.24","48","9.1","18.5"
"USC00190736","BLUE HILL, MA US","1979-03","1","0","0.1","1.13","71","0.1","39.2"
"USC00190736","BLUE HILL, MA US","1979-04","4","0","2.6","1.89","75","3.2","45.8"
"USC00190736","BLUE HILL, MA US","1979-05","12","2","0.0","0.97","92","0.0","58.9"
"USC00190736","BLUE HILL, MA US","1979-06","22","0","0.0","0.33","89","0.0","64.4"
"USC00190736","BLUE HILL, MA US","1979-07","30","4","0.0","4.01","94","0.0","72.9"
"USC00190736","BLUE HILL, MA US","1979-08","24","0","0.0","1.89","89","0.0","68.8"
"USC00190736","BLUE HILL, MA US","1979-09","21","0","0.0","1.43","83","0.0","62.0"
"USC00190736","BLUE HILL, MA US","1979-10","6","0","6.8","1.76","85","6.8","50.8"
"USC00190736","BLUE HILL, MA US","1979-11","2","0","0.0","1.77","71","0.0","46.6"
"USC00190736","BLUE HILL, MA US","1979-12","0","0","2.8","0.59","67","6.2","34.1"
"USC00190736","BLUE HILL, MA US","1980-01","0","0","0.7","0.46","55","0.7","26.6"
"USC00190736","BLUE HILL, MA US","1980-02","0","0","4.4","0.62","51","6.9","24.5"
"USC00190736","BLUE HILL, MA US","1980-03","0","0","3.1","1.38","58","4.7","34.8"
"USC00190736","BLUE HILL, MA US","1980-04","2","0","0.0","2.11","73","0.0","47.7"
"USC00190736","BLUE HILL, MA US","1980-05","13","0","0.0","0.46","86","0.0","57.2"
"USC00190736","BLUE HILL, MA US","1980-06","20","2","0.0","1.19","93","0.0","63.3"
"USC00190736","BLUE HILL, MA US","1980-07","31","4","0.0","1.51","96","0.0","73.1"
"USC00190736","BLUE HILL, MA US","1980-08","26","0","0.0","0.52","89","0.0","71.1"
"USC00190736","BLUE HILL, MA US","1980-09","23","1","0.0","0.38","92","0.0","63.9"
"USC00190736","BLUE HILL, MA US","1980-10","2","0","0.0","2.24","72","0.0","49.0"
"USC00190736","BLUE HILL, MA US","1980-11","0","0","6.3","1.15","61","7.3","38.1"
"USC00190736","BLUE HILL, MA US","1980-12","0","0","4.4","0.44","58","8.1","25.7"
"USC00190736","BLUE HILL, MA US","1981-01","0","0","4.1","0.27","46","16.1","17.7"
"USC00190736","BLUE HILL, MA US","1981-02","0","0","8.0","2.40","66","8.3","34.6"
"USC00190736","BLUE HILL, MA US","1981-03","2","0","1.4","0.22","74","2.6","36.1"
"USC00190736","BLUE HILL, MA US","1981-04","2","0","0.0","0.79","74","0.0","48.6"
"USC00190736","BLUE HILL, MA US","1981-05","14","0","0.0","0.75","89","0.0","58.5"
"USC00190736","BLUE HILL, MA US","1981-06","28","0","0.0","0.38","88","0.0","67.3"
"USC00190736","BLUE HILL, MA US","1981-07","31","4","0.0","1.05","95","0.0","71.8"
"USC00190736","BLUE HILL, MA US","1981-08","30","0","0.0","0.23","87","0.0","69.3"
"USC00190736","BLUE HILL, MA US","1981-09","12","0","0.0","1.17","86","0.0","60.0"
"USC00190736","BLUE HILL, MA US","1981-10","1","0","0.0","0.80","70","0.0","48.5"
"USC00190736","BLUE HILL, MA US","1981-11","0","0","0.0","2.25","66","0.0","40.7"
"USC00190736","BLUE HILL, MA US","1981-12","0","0","12.0","1.80","56","27.3","29.9"
"USC00190736","BLUE HILL, MA US","1982-01","0","0","5.8","1.79","55","17.4","19.0"
"USC00190736","BLUE HILL, MA US","1982-02","0","0","3.6","1.20","53","10.9","27.4"
"USC00190736","BLUE HILL, MA US","1982-03","0","0","1.4","0.55","63","6.0","35.5"
"USC00190736","BLUE HILL, MA US","1982-04","2","0","12.3","1.61","80","14.0","44.4"
"USC00190736","BLUE HILL, MA US","1982-05","14","0","0.0","1.16","81","0.0","56.3"
"USC00190736","BLUE HILL, MA US","1982-06","19","0","0.0","2.83","82","0.0","61.0"
"USC00190736","BLUE HILL, MA US","1982-07","30","6","0.0","1.56","95","0.0","71.7"
"USC00190736","BLUE HILL, MA US","1982-08","23","0","0.0","1.42","85","0.0","66.0"
"USC00190736","BLUE HILL, MA US","1982-09","16","0","0.0","0.76","84","0.0","61.7"
"USC00190736","BLUE HILL, MA US","1982-10","7","0","0.0","1.30","78","0.0","51.7"
"USC00190736","BLUE HILL, MA US","1982-11","3","0","0.0","1.96","78","0.0","44.7"
"USC00190736","BLUE HILL, MA US","1982-12","0","0","6.2","0.64","65","15.8","35.4"
"USC00190736","BLUE HILL, MA US","1983-01","0","0","8.8","1.61","57","11.2","27.4"
"USC00190736","BLUE HILL, MA US","1983-02","0","0","11.0","2.12","56","28.5","29.7"
"USC00190736","BLUE HILL, MA US","1983-03","0","0","1.0","2.15","60","1.0","37.7"
"USC00190736","BLUE HILL, MA US","1983-04","3","0","0.0","2.23","83","0.0","46.8"
"USC00190736","BLUE HILL, MA US","1983-05","7","0","0.0","0.87","78","0.0","54.0"
"USC00190736","BLUE HILL, MA US","1983-06","24","2","0.0","0.63","92","0.0","66.7"
"USC00190736","BLUE HILL, MA US","1983-07","30","8","0.0","0.29","94","0.0","73.4"
"USC00190736","BLUE HILL, MA US","1983-08","25","3","0.0","1.68","90","0.0","70.0"
"USC00190736","BLUE HILL, MA US","1983-09","18","3","0.0","0.89","93","0.0","65.6"
"USC00190736","BLUE HILL, MA US","1983-10","4","0","0.0","0.82","82","0.0","51.3"
"USC00190736","BLUE HILL, MA US","1983-11","0","0","0.0","3.10","66","0.0","43.5"
"USC00190736","BLUE HILL, MA US","1983-12","0","0","5.0","1.45","58","9.5","29.2"
"USC00190736","BLUE HILL, MA US","1984-01","0","0","5.0","0.63","50","23.7","23.8"
"USC00190736","BLUE HILL, MA US","1984-02","0","0","0.4","1.91","62","0.6","35.2"
"USC00190736","BLUE HILL, MA US","1984-03","0","0","13.5","2.78","52","26.7","30.0"
"USC00190736","BLUE HILL, MA US","1984-04","2","0","0.0","1.60","79","0.0","45.0"
"USC00190736","BLUE HILL, MA US","1984-05","14","0","0.0","5.02","82","0.0","56.1"
"USC00190736","BLUE HILL, MA US","1984-06","24","5","0.0","1.91","94","0.0","67.5"
"USC00190736","BLUE HILL, MA US","1984-07","29","1","0.0","1.75","91","0.0","70.6"
"USC00190736","BLUE HILL, MA US","1984-08","30","0","0.0","0.24","89","0.0","70.8"
"USC00190736","BLUE HILL, MA US","1984-09","18","0","0.0","0.74","84","0.0","60.2"
"USC00190736","BLUE HILL, MA US","1984-10","6","0","0.0","1.75","78","0.0","53.6"
"USC00190736","BLUE HILL, MA US","1984-11","0","0","0.2","0.67","68","0.2","42.0"
"USC00190736","BLUE HILL, MA US","1984-12","1","0","3.5","1.01","72","5.2","36.3"
"USC00190736","BLUE HILL, MA US","1985-01","0","0","4.4","0.41","42","11.1","20.6"
"USC00190736","BLUE HILL, MA US","1985-02","0","0","10.5","0.95","68","16.7","30.0"
"USC00190736","BLUE HILL, MA US","1985-03","1","0","9.3","1.18","73","10.4","37.7"
"USC00190736","BLUE HILL, MA US","1985-04","4","0","3.5","0.73","83","3.5","47.4"
"USC00190736","BLUE HILL, MA US","1985-05","15","0","0.0","1.77","89","0.0","57.4"
"USC00190736","BLUE HILL, MA US","1985-06","19","0","0.0","0.96","82","0.0","62.0"
"USC00190736","BLUE HILL, MA US","1985-07","30","0","0.0","1.36","87","0.0","71.3"
"USC00190736","BLUE HILL, MA US","1985-08","26","1","0.0","0.83","91","0.0","68.5"
"USC00190736","BLUE HILL, MA US","1985-09","17","0","0.0","1.28","87","0.0","62.9"
"USC00190736","BLUE HILL, MA US","1985-10","6","0","0.0","0.56","75","0.0","53.1"
"USC00190736","BLUE HILL, MA US","1985-11","1","0","1.5","2.46","71","5.1","43.1"
"USC00190736","BLUE HILL, MA US","1985-12","0","0","1.3","0.31","59","3.0","28.1"
"USC00190736","BLUE HILL, MA US","1986-01","0","0","0.5","1.23","57","1.6","28.7"
"USC00190736","BLUE HILL, MA US","1986-02","0","0","3.8","0.75","45","13.8","25.5"
"USC00190736","BLUE HILL, MA US","1986-03","2","0","1.8","1.33","76","3.0","38.7"
"USC00190736","BLUE HILL, MA US","1986-04","2","0","0.0","0.36","70","0.0","47.1"
"USC00190736","BLUE HILL, MA US","1986-05","13","0","0.0","0.56","88","0.0","57.4"
"USC00190736","BLUE HILL, MA US","1986-06","19","0","0.0","3.15","85","0.0","63.0"
"USC00190736","BLUE HILL, MA US","1986-07","25","1","0.0","1.42","91","0.0","68.2"
"USC00190736","BLUE HILL, MA US","1986-08","25","0","0.0","2.33","84","0.0","67.1"
"USC00190736","BLUE HILL, MA US","1986-09","13","0","0.0","0.33","84","0.0","60.4"
"USC00190736","BLUE HILL, MA US","1986-10","4","0","0.0","1.07","76","0.0","50.9"
"USC00190736","BLUE HILL, MA US","1986-11","0","0","11.0","1.51","68","13.5","39.4"
"USC00190736","BLUE HILL, MA US","1986-12","0","0","4.0","2.10","59","6.4","32.4"
"USC00190736","BLUE HILL, MA US","1987-01","0","0","7.0","2.10","47","38.4","25.9"
"USC00190736","BLUE HILL, MA US","1987-02","0","0","4.0","0.56","47","5.6","26.1"
"USC00190736","BLUE HILL, MA US","1987-03","1","0","3.3","2.89","72","8.5","36.8"
"USC00190736","BLUE HILL, MA US","1987-04","2","0","10.0","2.15","74","13.5","45.3"
"USC00190736","BLUE HILL, MA US","1987-05","14","2","0.0","0.60","92","0.0","57.6"
"USC00190736","BLUE HILL, MA US","1987-06","22","0","0.0","0.46","88","0.0","66.2"
"USC00190736","BLUE HILL, MA US","1987-07","29","4","0.0","0.75","96","0.0","71.1"
"USC00190736","BLUE HILL, MA US","1987-08","27","4","0.0","1.41","94","0.0","68.2"
"USC00190736","BLUE HILL, MA US","1987-09","18","0","0.0","3.10","82","0.0","61.9"
"USC00190736","BLUE HILL, MA US","1987-10","2","0","0.0","0.86","70","0.0","50.5"
"USC00190736","BLUE HILL, MA US","1987-11","1","0","8.1","1.35","77","11.4","41.5"
"USC00190736","BLUE HILL, MA US","1987-12","0","0","9.3","0.90","57","12.1","32.8"
"USC00190736","BLUE HILL, MA US","1988-01","0","0","8.0","0.92","57","20.3","24.7"
"USC00190736","BLUE HILL, MA US","1988-02","0","0","7.2","2.38","58","16.3","29.4"
"USC00190736","BLUE HILL, MA US","1988-03","0","0","4.3","1.99","67","8.5","36.9"
"USC00190736","BLUE HILL, MA US","1988-04","1","0","0.0","1.20","71","0.0","44.6"
"USC00190736","BLUE HILL, MA US","1988-05","13","0","0.0","0.95","85","0.0","56.8"
"USC00190736","BLUE HILL, MA US","1988-06","24","5","0.0","0.30","94","0.0","66.0"
"USC00190736","BLUE HILL, MA US","1988-07","29","8","0.0","2.90","97","0.0","72.8"
"USC00190736","BLUE HILL, MA US","1988-08","28","7","0.0","0.61","94","0.0","73.3"
"USC00190736","BLUE HILL, MA US","1988-09","17","0","0.0","1.08","80","0.0","61.5"
"USC00190736","BLUE HILL, MA US","1988-10","2","0","0.0","1.06","80","0.0","47.7"
"USC00190736","BLUE HILL, MA US","1988-11","0","0","0.0","2.78","67","0.0","44.1"
"USC00190736","BLUE HILL, MA US","1988-12","0","0","7.5","0.46","57","8.5","29.3"
"USC00190736","BLUE HILL, MA US","1989-01","0","0","0.8","0.29","52","1.4","31.2"
"USC00190736","BLUE HILL, MA US","1989-02","0","0","2.8","1.26","65","10.2","27.3"
"USC00190736","BLUE HILL, MA US","1989-03","2","0","4.5","0.83","81","9.3","35.0"
"USC00190736","BLUE HILL, MA US","1989-04","0","0","4.7","1.24","69","4.7","44.8"
"USC00190736","BLUE HILL, MA US","1989-05","16","0","0.0","1.23","85","0.0","58.6"
"USC00190736","BLUE HILL, MA US","1989-06","22","0","0.0","0.80","89","0.0","65.7"
"USC00190736","BLUE HILL, MA US","1989-07","29","4","0.0","1.77","91","0.0","70.2"
"USC00190736","BLUE HILL, MA US","1989-08","29","0","0.0","2.92","86","0.0","69.4"
"USC00190736","BLUE HILL, MA US","1989-09","18","1","0.0","1.40","90","0.0","63.2"
"USC00190736","BLUE HILL, MA US","1989-10","6","0","0.0","1.87","76","0.0","53.5"
"USC00190736","BLUE HILL, MA US","1989-11","0","0","5.5","1.16","69","5.6","39.8"
"USC00190736","BLUE HILL, MA US","1989-12","0","0","4.5","0.38","50","7.3","17.9"
"USC00190736","BLUE HILL, MA US","1990-01","0","0","5.4","1.19","62","13.4","34.2"
"USC00190736","BLUE HILL, MA US","1990-02","0","0","10.2","1.41","62","25.8","31.2"
"USC00190736","BLUE HILL, MA US","1990-03","3","0","5.0","0.61","80","5.7","38.2"
"USC00190736","BLUE HILL, MA US","1990-04","3","2","1.5","2.18","93","1.5","46.2"
"USC00190736","BLUE HILL, MA US","1990-05","7","0","0.2","1.63","80","0.2","53.5"
"USC00190736","BLUE HILL, MA US","1990-06","21","0","0.0","0.59","86","0.0","65.5"
"USC00190736","BLUE HILL, MA US","1990-07","28","2","0.0","2.25","91","0.0","71.0"
"USC00190736","BLUE HILL, MA US","1990-08","26","1","0.0","3.13","91","0.0","70.9"
"USC00190736","BLUE HILL, MA US","1990-09","17","0","0.0","0.80","84","0.0","62.1"
"USC00190736","BLUE HILL, MA US","1990-10","10","0","0.0","2.69","83","0.0","55.9"
"USC00190736","BLUE HILL, MA US","1990-11","5","0","0.3","1.06","75","0.4","44.8"
"USC00190736","BLUE HILL, MA US","1990-12","0","0","5.6","1.42","62","5.6","36.8"
"USC00190736","BLUE HILL, MA US","1991-01","0","0","3.0","1.10","50","11.7","26.9"
"USC00190736","BLUE HILL, MA US","1991-02","0","0",,"0.58","65",,"32.1"
"USC00190736","BLUE HILL, MA US","1991-03","1","0","2.4","1.09","77","5.5","39.0"
"USC00190736","BLUE HILL, MA US","1991-04","7","0","0.0","3.18","87","0.0","49.5"
"USC00190736","BLUE HILL, MA US","1991-05","19","0","0.0","0.54","88","0.0","62.1"
"USC00190736","BLUE HILL, MA US","1991-06","22","4","0.0","0.72","95","0.0","66.7"
"USC00190736","BLUE HILL, MA US","1991-07","28","7","0.0","1.80","99","0.0","72.1"
"USC00190736","BLUE HILL, MA US","1991-08","29","0","0.0","2.58","89","0.0","71.0"
"USC00190736","BLUE HILL, MA US","1991-09","12","0","0.0","2.06","87","0.0","60.7"
"USC00190736","BLUE HILL, MA US","1991-10","7","0","0.0","3.74","77","0.0","54.2"
"USC00190736","BLUE HILL, MA US","1991-11","1","0","0.2","1.38","71","0.2","42.2"
"USC00190736","BLUE HILL, MA US","1991-12","0","0","2.5","1.00","61","7.5","32.3"
"USC00190736","BLUE HILL, MA US","1992-01","0","0","0.4","1.60","56","1.1","27.9"
"USC00190736","BLUE HILL, MA US","1992-02","0","0","1.4","0.64","55","5.1","29.2"
"USC00190736","BLUE HILL, MA US","1992-03","0","0","4.5","1.10","58","11.9","32.6"
"USC00190736","BLUE HILL, MA US","1992-04","2","0","1.5","0.86","75","1.5","44.0"
"USC00190736","BLUE HILL, MA US","1992-05","13","2","0.0","0.67","92","0.0","55.2"
"USC00190736","BLUE HILL, MA US","1992-06","25","0","0.0","2.28","86","0.0","65.2"
"USC00190736","BLUE HILL, MA US","1992-07","26","0","0.0","0.47","87","0.0","67.8"
"USC00190736","BLUE HILL, MA US","1992-08","25","0","0.0","1.17","89","0.0","68.2"
"USC00190736","BLUE HILL, MA US","1992-09","18","0","0.0","1.16","84","0.0","61.1"
"USC00190736","BLUE HILL, MA US","1992-10","3","0","0.0","0.70","75","0.0","49.2"
"USC00190736","BLUE HILL, MA US","1992-11","0","0","0.4","1.38","61","0.5","39.6"
"USC00190736","BLUE HILL, MA US","1992-12","0","0","15.0","3.94","53","19.0","31.1"
"USC00190736","BLUE HILL, MA US","1993-01","0","0","7.0","1.01","58","13.5","27.8"
"USC00190736","BLUE HILL, MA US","1993-02","0","0","3.2","1.42","46","12.8","22.4"
"USC00190736","BLUE HILL, MA US","1993-03","0","0","10.0","2.47","67","35.5","32.6"
"USC00190736","BLUE HILL, MA US","1993-04","1","0","2.7","1.51","72","3.0","45.8"
"USC00190736","BLUE HILL, MA US","1993-05","16","1","0.0","0.30","90","0.0","58.5"
"USC00190736","BLUE HILL, MA US","1993-06","23","0","0.0","0.41","89","0.0","66.3"
"USC00190736","BLUE HILL, MA US","1993-07","29","4","0.0","0.59","97","0.0","72.4"
"USC00190736","BLUE HILL, MA US","1993-08","31","6","0.0","1.08","94","0.0","72.1"
"USC00190736","BLUE HILL, MA US","1993-09","15","0","0.0","0.89","89","0.0","62.1"
"USC00190736","BLUE HILL, MA US","1993-10","3","0","0.0","0.99","79","0.0","49.5"
"USC00190736","BLUE HILL, MA US","1993-11","2","0","0.3","1.21","74","0.3","42.6"
"USC00190736","BLUE HILL, MA US","1993-12","0","0","6.0","2.86","53","15.0","30.7"
"USC00190736","BLUE HILL, MA US","1994-01","0","0","7.9","1.45","54","33.0","19.0"
"USC00190736","BLUE HILL, MA US","1994-02","0","0","11.3","0.88","62","33.9","23.8"
"USC00190736","BLUE HILL, MA US","1994-03","0","0","8.2","2.00","65","18.9","35.6"
"USC00190736","BLUE HILL, MA US","1994-04","5","0","0.0","0.71","83","0.0","49.5"
"USC00190736","BLUE HILL, MA US","1994-05","12","0","0.0","1.54","84","0.0","55.4"
"USC00190736","BLUE HILL, MA US","1994-06","28","3","0.0","0.32","93","0.0","68.8"
"USC00190736","BLUE HILL, MA US","1994-07","30","5","0.0","0.80","94","0.0","75.2"
"USC00190736","BLUE HILL, MA US","1994-08","26","1","0.0","1.94","90","0.0","68.9"
"USC00190736","BLUE HILL, MA US","1994-09","11","0","0.0","2.67","82","0.0","60.9"
"USC00190736","BLUE HILL, MA US","1994-10","4","0","0.0","0.15","74","0.0","52.7"
"USC00190736","BLUE HILL, MA US","1994-11","2","0","1.5","1.54","76","1.6","45.8"
"USC00190736","BLUE HILL, MA US","1994-12","0","0","0.5","2.21","62","1.3","35.4"
"USC00190736","BLUE HILL, MA US","1995-01","0","0","1.5","1.23","65","4.2","32.4"
"USC00190736","BLUE HILL, MA US","1995-02","0","0","8.0","1.09","54","10.0","25.9"
"USC00190736","BLUE HILL, MA US","1995-03","0","0","0.5","0.91","63","0.7","37.3"
"USC00190736","BLUE HILL, MA US","1995-04","1","0","0.0","0.74","71","0.0","44.9"
"USC00190736","BLUE HILL, MA US","1995-05","9","0","0.0","0.54","86","0.0","55.5"
"USC00190736","BLUE HILL, MA US","1995-06","22","1","0.0","0.64","91","0.0","66.6"
"USC00190736","BLUE HILL, MA US","1995-07","30","4","0.0","1.06","97","0.0","74.1"
"USC00190736","BLUE HILL, MA US","1995-08","28","3","0.0","1.47","94","0.0","70.2"
"USC00190736","BLUE HILL, MA US","1995-09","16","0","0.0","2.60","87","0.0","61.1"
"USC00190736","BLUE HILL, MA US","1995-10","10","0","0.0","1.59","82","0.0","56.3"
"USC00190736","BLUE HILL, MA US","1995-11","0","0","5.0","1.78","62","5.8","38.0"
"USC00190736","BLUE HILL, MA US","1995-12","0","0","8.3","0.83","47","25.3","26.6"
"USC00190736","BLUE HILL, MA US","1996-01","0","0","12.5","1.59","57","47.7","26.1"
"USC00190736","BLUE HILL, MA US","1996-02","0","0","6.6","0.76","56","18.3","27.2"
"USC00190736","BLUE HILL, MA US","1996-03","0","0","9.0","1.40","62","22.2","33.5"
"USC00190736","BLUE HILL, MA US","1996-04","4","0","10.1","1.73","80","24.2","46.5"
"USC00190736","BLUE HILL, MA US","1996-05","9","2","0.0","0.71","91","0.0","56.2"
"USC00190736","BLUE HILL, MA US","1996-06","25","0","0.0","0.93","84","0.0","66.5"
"USC00190736","BLUE HILL, MA US","1996-07","29","0","0.0","3.54","86","0.0","69.8"
"USC00190736","BLUE HILL, MA US","1996-08","28","0","0.0","1.57","88","0.0","69.5"
"USC00190736","BLUE HILL, MA US","1996-09","14","0","0.0","4.25","84","0.0","62.0"
"USC00190736","BLUE HILL, MA US","1996-10","4","0","0.0","7.10","73","0.0","51.4"
"USC00190736","BLUE HILL, MA US","1996-11","1","0","2.2","1.75","70","2.6","37.5"
"USC00190736","BLUE HILL, MA US","1996-12","0","0","7.8","1.42","58","9.3","36.6"
"USC00190736","BLUE HILL, MA US","1997-01","0","0","7.8","0.90","51","12.2","26.0"
"USC00190736","BLUE HILL, MA US","1997-02","0","0","3.2","0.78","64","7.8","33.3"
"USC00190736","BLUE HILL, MA US","1997-03","0","0","15.0","2.45","65","22.7","34.6"
"USC00190736","BLUE HILL, MA US","1997-04","2","0","15.0","1.66","73","15.1","45.1"
"USC00190736","BLUE HILL, MA US","1997-05","7","0","0.0","1.01","80","0.0","54.1"
"USC00190736","BLUE HILL, MA US","1997-06","22","6","0.0","0.73","92","0.0","66.6"
"USC00190736","BLUE HILL, MA US","1997-07","29","6","0.0","0.31","95","0.0","72.4"
"USC00190736","BLUE HILL, MA US","1997-08","29","5","0.0","0.60","91","0.0","69.6"
"USC00190736","BLUE HILL, MA US","1997-09","15","0","0.0","0.47","82","0.0","62.3"
"USC00190736","BLUE HILL, MA US","1997-10","5","0","0.0","0.84","81","0.0","50.9"
"USC00190736","BLUE HILL, MA US","1997-11","0","0","3.5","1.70","65","4.1","39.0"
"USC00190736","BLUE HILL, MA US","1997-12","0","0","11.1","1.35","52","15.3","32.4"
"USC00190736","BLUE HILL, MA US","1998-01","0","0","6.4","2.04","59","15.8","31.7"
"USC00190736","BLUE HILL, MA US","1998-02","0","0","0.6","2.74","53","1.0","34.3"
"USC00190736","BLUE HILL, MA US","1998-03","5","0","3.5","2.67","89","5.3","39.4"
"USC00190736","BLUE HILL, MA US","1998-04","3","0","0.1","1.51","79","0.1","48.6"
"USC00190736","BLUE HILL, MA US","1998-05","18","0","0.0","1.85","87","0.0","59.8"
"USC00190736","BLUE HILL, MA US","1998-06","19","0","0.0","6.07","86","0.0","63.7"
"USC00190736","BLUE HILL, MA US","1998-07","31","1","0.0","0.73","90","0.0","72.0"
"USC00190736","BLUE HILL, MA US","1998-08","28","0","0.0","2.17","88","0.0","71.2"
"USC00190736","BLUE HILL, MA US","1998-09","22","0",,"0.59","86",,"64.9"
"USC00190736","BLUE HILL, MA US","1998-10","5","0","0.0","3.00","75","0.0","52.2"
"USC00190736","BLUE HILL, MA US","1998-11","0","0","0.0","0.60","61","0.0","41.9"
"USC00190736","BLUE HILL, MA US","1998-12","1","0","1.3","0.76","74","1.9","37.4"
"USC00190736","BLUE HILL, MA US","1999-01","0","0","9.0","1.93","58","19.8","28.1"
"USC00190736","BLUE HILL, MA US","1999-02","0","0","10.0","2.16","56","14.4","30.8"
"USC00190736","BLUE HILL, MA US","1999-03","0","0","7.2","1.36","68","22.5","36.7"
"USC00190736","BLUE HILL, MA US","1999-04","2","0","0.0","0.51","76","0.0","48.3"
"USC00190736","BLUE HILL, MA US","1999-05","11","0","0.0","0.88","86","0.0","58.7"
"USC00190736","BLUE HILL, MA US","1999-06","25","5","0.0","0.06","93","0.0","69.5"
"USC00190736","BLUE HILL, MA US","1999-07","30","5","0.0","1.09","96","0.0","74.6"
"USC00190736","BLUE HILL, MA US","1999-08","28","1","0.0","0.67","92","0.0","70.6"
"USC00190736","BLUE HILL, MA US","1999-09","27","1","0.0","5.59","91","0.0","66.7"
"USC00190736","BLUE HILL, MA US","1999-10","2","0","0.0","1.32","74","0.0","50.6"
"USC00190736","BLUE HILL, MA US","1999-11","2","0","0.0","1.18","72","0.0","46.3"
"USC00190736","BLUE HILL, MA US","1999-12","0","0","0.0","1.09","60","0.0","34.4"
"USC00190736","BLUE HILL, MA US","2000-01","0","0","7.0","1.28","64","18.6","23.9"
"USC00190736","BLUE HILL, MA US","2000-02","0","0","6.7","1.01","61","11.0","31.0"
"USC00190736","BLUE HILL, MA US","2000-03","2","0","2.9","1.27","71","3.0","40.9"
"USC00190736","BLUE HILL, MA US","2000-04","1","0","0.8","2.42","74","1.0","45.3"
"USC00190736","BLUE HILL, MA US","2000-05","11","2","0.0","0.64","93","0.0","56.7"
"USC00190736","BLUE HILL, MA US","2000-06","22","1","0.0","3.79","90","0.0","66.0"
"USC00190736","BLUE HILL, MA US","2000-07","26","0","0.0","1.65","85","0.0","68.3"
"USC00190736","BLUE HILL, MA US","2000-08","25","0","0.0","0.42","85","0.0","68.2"
"USC00190736","BLUE HILL, MA US","2000-09","18","0","0.0","1.02","85","0.0","62.1"
"USC00190736","BLUE HILL, MA US","2000-10","8","0","0.4","1.07","79","0.6","51.8"
"USC00190736","BLUE HILL, MA US","2000-11","0","0","0.0","1.95","61","0.0","40.8"
"USC00190736","BLUE HILL, MA US","2000-12","0","0","4.5","2.29","63","9.6","26.1"
"USC00190736","BLUE HILL, MA US","2001-01","0","0","4.7","0.56","43","19.4","26.2"
"USC00190736","BLUE HILL, MA US","2001-02","0","0","12.5","1.63","53","19.0","28.9"
"USC00190736","BLUE HILL, MA US","2001-03","0","0","12.5","2.58","50","41.4","32.9"
"USC00190736","BLUE HILL, MA US","2001-04","3","0","0.7","0.44","85","0.9","47.2"
"USC00190736","BLUE HILL, MA US","2001-05","12","3","0.0","0.56","92","0.0","59.5"
"USC00190736","BLUE HILL, MA US","2001-06","26","0","0.0","2.79","89","0.0","69.3"
"USC00190736","BLUE HILL, MA US","2001-07","28","3","0.0","1.56","93","0.0","68.7"
"USC00190736","BLUE HILL, MA US","2001-08","29","6","0.0","1.30","96","0.0","73.1"
"USC00190736","BLUE HILL, MA US","2001-09","22","0","0.0","1.45","85","0.0","64.6"
"USC00190736","BLUE HILL, MA US","2001-10","10","0","0.0","0.51","80","0.0","54.7"
"USC00190736","BLUE HILL, MA US","2001-11","1","0","0.0","0.26","71","0.0","46.0"
"USC00190736","BLUE HILL, MA US","2001-12","2","0","7.3","1.01","70","10.1","37.5"
"USC00190736","BLUE HILL, MA US","2002-01","0","0","6.0","0.89","66","14.5","33.4"
"USC00190736","BLUE HILL, MA US","2002-02","0","0","3.5","0.63","60","7.6","32.9"
"USC00190736","BLUE HILL, MA US","2002-03","0","0","4.0","0.91","67","6.8","37.7"
"USC00190736","BLUE HILL, MA US","2002-04","6","1","0.7","1.18","93","1.3","48.8"
"USC00190736","BLUE HILL, MA US","2002-05","11","0","0.0","2.19","84","0.0","55.3"
"USC00190736","BLUE HILL, MA US","2002-06","21","1","0.0","1.36","91","0.0","64.5"
"USC00190736","BLUE HILL, MA US","2002-07","30","6","0.0","1.11","96","0.0","72.1"
"USC00190736","BLUE HILL, MA US","2002-08","26","14","0.0","0.98","99","0.0","73.2"
"USC00190736","BLUE HILL, MA US","2002-09","20","1","0.0","1.43","91","0.0","66.1"
"USC00190736","BLUE HILL, MA US","2002-10","4","0","1.2","1.40","83","1.3","49.6"
"USC00190736","BLUE HILL, MA US","2002-11","0","0","4.0","1.87","69","8.2","39.7"
"USC00190736","BLUE HILL, MA US","2002-12","0","0","11.0","1.59","59","21.8","29.4"
"USC00190736","BLUE HILL, MA US","2003-01","0","0","4.0","1.45","40","12.7","19.7"
"USC00190736","BLUE HILL, MA US","2003-02","0","0","24.7","2.21","53","51.3","23.1"
"USC00190736","BLUE HILL, MA US","2003-03","0","0","9.0","1.44","69","13.0","34.6"
"USC00190736","BLUE HILL, MA US","2003-04","4","0","2.6","2.13","84","4.8","42.5"
"USC00190736","BLUE HILL, MA US","2003-05","7","0","0.0","1.74","84","0.0","54.3"
"USC00190736","BLUE HILL, MA US","2003-06","18","2","0.0","1.64","91","0.0","64.0"
"USC00190736","BLUE HILL, MA US","2003-07","30","1","0.0","1.27","90","0.0","72.9"
"USC00190736","BLUE HILL, MA US","2003-08","30","0","0.0","1.86","89","0.0","72.4"
"USC00190736","BLUE HILL, MA US","2003-09","20","0","0.0","0.69","81","0.0","63.7"
"USC00190736","BLUE HILL, MA US","2003-10","2","0","0.5","1.62","71","0.5","50.1"
"USC00190736","BLUE HILL, MA US","2003-11","2","0","0.0","1.01","75","0.0","43.6"
"USC00190736","BLUE HILL, MA US","2003-12","0","0","18.1","2.90","57","29.7","32.8"
"USC00190736","BLUE HILL, MA US","2004-01","0","0","2.7","0.51","47","8.4","16.7"
"USC00190736","BLUE HILL, MA US","2004-02","0","0","2.3","1.15","51","3.1","27.7"
"USC00190736","BLUE HILL, MA US","2004-03","0","0","6.5","1.01","66","15.8","36.6"
"USC00190736","BLUE HILL, MA US","2004-04","4","0","0.5","2.79","83","0.5","46.5"
"USC00190736","BLUE HILL, MA US","2004-05","13","0","0.0","0.98","88","0.0","58.7"
"USC00190736","BLUE HILL, MA US","2004-06","23","1","0.0","0.32","90","0.0","64.8"
"USC00190736","BLUE HILL, MA US","2004-07","26","0","0.0","1.33","86","0.0","69.7"
"USC00190736","BLUE HILL, MA US","2004-08","29","0","0.0","1.30","88","0.0","70.1"
"USC00190736","BLUE HILL, MA US","2004-09","20","0","0.0","3.35","82","0.0","63.7"
"USC00190736","BLUE HILL, MA US","2004-10","3","0","0.0","1.18","74","0.0","51.2"
"USC00190736","BLUE HILL, MA US","2004-11","0","0","6.8","1.04","68","7.8","41.5"
"USC00190736","BLUE HILL, MA US","2004-12","0","0","13.6","1.58","59","16.3","31.4"
"USC00190736","BLUE HILL, MA US","2005-01","0","0","18.0","1.20","61","44.8","24.0"
"USC00190736","BLUE HILL, MA US","2005-02","0","0","6.5","0.71","52","17.0","29.3"
"USC00190736","BLUE HILL, MA US","2005-03","0","0","11.8","2.40","53","33.5","32.4"
"USC00190736","BLUE HILL, MA US","2005-04","6","0","0.2","1.48","86","0.2","49.4"
"USC00190736","BLUE HILL, MA US","2005-05","4","0","0.0","3.15","77","0.0","51.2"
"USC00190736","BLUE HILL, MA US","2005-06","23","2","0.0","0.52","95","0.0","68.2"
"USC00190736","BLUE HILL, MA US","2005-07","29","4","0.0","1.42","94","0.0","72.2"
"USC00190736","BLUE HILL, MA US","2005-08","30","5","0.0","2.82","95","0.0","73.9"
"USC00190736","BLUE HILL, MA US","2005-09","26","0","0.0","2.43","88","0.0","66.6"
"USC00190736","BLUE HILL, MA US","2005-10","8","0","1.5","5.28","78","1.5","52.4"
"USC00190736","BLUE HILL, MA US","2005-11","3","0","0.2","1.22","71","0.6","44.5"
"USC00190736","BLUE HILL, MA US","2005-12","0","0","10.5","1.22","59","13.3","29.8"
"USC00190736","BLUE HILL, MA US","2006-01","0","0","4.4","1.65","59","18.4","33.4"
"USC00190736","BLUE HILL, MA US","2006-02","0","0","11.7","1.16","59","17.5","29.1"
"USC00190736","BLUE HILL, MA US","2006-03","0","0","0.1","0.22","65","0.1","36.3"
"USC00190736","BLUE HILL, MA US","2006-04","4","0","1.0","0.78","76","1.0","49.5"
"USC00190736","BLUE HILL, MA US","2006-05","9","0","0.0","2.64","85","0.0","56.0"
"USC00190736","BLUE HILL, MA US","2006-06","20","2","0.0","3.22","90","0.0","66.7"
"USC00190736","BLUE HILL, MA US","2006-07","31","2","0.0","2.03","94","0.0","74.4"
"USC00190736","BLUE HILL, MA US","2006-08","27","3","0.0","1.00","94","0.0","69.5"
"USC00190736","BLUE HILL, MA US","2006-09","16","0","0.0","0.90","82","0.0","62.4"
"USC00190736","BLUE HILL, MA US","2006-10","5","0","0.0","2.17","78","0.0","51.6"
"USC00190736","BLUE HILL, MA US","2006-11","0","0","0.0","3.02","69","0.0","47.1"
"USC00190736","BLUE HILL, MA US","2006-12","0","0","2.4","0.54","67","3.7","38.0"
"USC00190736","BLUE HILL, MA US","2007-01","0","0","1.2","0.88","66","2.9","30.0"
"USC00190736","BLUE HILL, MA US","2007-02","0","0","2.0","1.78","48","7.3","22.8"
"USC00190736","BLUE HILL, MA US","2007-03","0","0","8.5","3.10","66","13.5","34.9"
"USC00190736","BLUE HILL, MA US","2007-04","4","0","0.2","2.93","85","0.2","44.0"
"USC00190736","BLUE HILL, MA US","2007-05","16","1","0.0","1.73","91","0.0","59.6"
"USC00190736","BLUE HILL, MA US","2007-06","21","2","0.0","1.11","93","0.0","65.6"
"USC00190736","BLUE HILL, MA US","2007-07","30","3","0.0","0.56","91","0.0","71.9"
"USC00190736","BLUE HILL, MA US","2007-08","29","3","0.0","0.19","93","0.0","71.8"
"USC00190736","BLUE HILL, MA US","2007-09","22","3","0.0","1.34","93","0.0","65.9"
"USC00190736","BLUE HILL, MA US","2007-10","10","0","0.0","0.79","86","0.0","57.3"
"USC00190736","BLUE HILL, MA US","2007-11","0","0","0.7","0.95","66","0.8","40.5"
"USC00190736","BLUE HILL, MA US","2007-12","0","0","9.4","1.27","54","29.5","29.0"
"USC00190736","BLUE HILL, MA US","2008-01","0","0","5.8","1.46","65","13.8","29.9"
"USC00190736","BLUE HILL, MA US","2008-02","0","0","7.5","2.54","59","16.0","30.0"
"USC00190736","BLUE HILL, MA US","2008-03","0","0","1.9","1.35","61","6.5","34.9"
"USC00190736","BLUE HILL, MA US","2008-04","8","0","0.0","1.25","83","0.0","48.8"
"USC00190736","BLUE HILL, MA US","2008-05","10","0","0.0","0.96","80","0.0","55.3"
"USC00190736","BLUE HILL, MA US","2008-06","24","4","0.0","0.55","98","0.0","68.2"
"USC00190736","BLUE HILL, MA US","2008-07","30","2","0.0","1.86","93","0.0","74.3"
"USC00190736","BLUE HILL, MA US","2008-08","29","0","0.0","1.32","86","0.0","68.8"
"USC00190736","BLUE HILL, MA US","2008-09","15","0","0.0","2.27","86","0.0","63.7"
"USC00190736","BLUE HILL, MA US","2008-10","1","0","0.0","0.88","72","0.0","51.2"
"USC00190736","BLUE HILL, MA US","2008-11","0","0","0.0","1.61","67","0.0","41.1"
"USC00190736","BLUE HILL, MA US","2008-12","0","0","9.0","3.36","61","22.9","32.7"
"USC00190736","BLUE HILL, MA US","2009-01","0","0","10.7","1.27","39","32.2","21.1"
"USC00190736","BLUE HILL, MA US","2009-02","0","0","6.5","0.83","59","10.2","29.5"
"USC00190736","BLUE HILL, MA US","2009-03","0","0","7.2","1.16","60","13.4","35.3"
"USC00190736","BLUE HILL, MA US","2009-04","5","1","0.2","1.42","92","0.2",
"USC00190736","BLUE HILL, MA US","2009-05","12","0","0.0","1.07","89","0.0","58.1"
"USC00190736","BLUE HILL, MA US","2009-06","14","0","0.0","1.26","79","0.0","61.6"
"USC00190736","BLUE HILL, MA US","2009-07","24","0","0.0","2.07","86","0.0","68.8"
"USC00190736","BLUE HILL, MA US","2009-08","27","3","0.0","1.49","91","0.0","72.3"
"USC00190736","BLUE HILL, MA US","2009-09","17","0","0.0","1.74","81","0.0","61.2"
"USC00190736","BLUE HILL, MA US","2009-10","2","0","3.0","1.79","74","3.0",
"USC00190736","BLUE HILL, MA US","2009-11","0","0","0.0","2.08","69","0.0",
"USC00190736","BLUE HILL, MA US","2009-12",,,"13.7","1.23",,"26.9",
"USC00190736","BLUE HILL, MA US","2010-01","0","0","5.7","1.27","56","14.7",
"USC00190736","BLUE HILL, MA US","2010-02","0","0","5.6","1.95","47","12.0",
"USC00190736","BLUE HILL, MA US","2010-03","2","0","3.2","4.95","71","7.9",
"USC00190736","BLUE HILL, MA US","2010-04","7","1","0.0","1.12","90","0.0","52.0"
"USC00190736","BLUE HILL, MA US","2010-05","22","1","0.0","1.08","94","0.0","61.3"
"USC00190736","BLUE HILL, MA US","2010-06","25","2","0.0","0.86","91","0.0","68.7"
"USC00190736","BLUE HILL, MA US","2010-07","31","10","0.0","0.62","99","0.0","75.9"
"USC00190736","BLUE HILL, MA US","2010-08","27","4","0.0","2.69","93","0.0","72.2"
"USC00190736","BLUE HILL, MA US","2010-09","20","2","0.0","0.71","93","0.0","65.9"
"USC00190736","BLUE HILL, MA US","2010-10","4","0","0.0","1.71","80","0.0",
"USC00190736","BLUE HILL, MA US","2010-11","0","0","0.1","1.17","62","0.1",
"USC00190736","BLUE HILL, MA US","2010-12","0","0","13.3","1.57","55","22.9",
"USC00190736","BLUE HILL, MA US","2011-01","0","0","14.2","1.58","57","48.2","24.5"
"USC00190736","BLUE HILL, MA US","2011-02","0","0","9.5","1.41","59","18.5","27.1"
"USC00190736","BLUE HILL, MA US","2011-03","0","0","2.0","0.80","69","2.5","36.6"
"USC00190736","BLUE HILL, MA US","2011-04","3","0","4.6","1.30","78","4.6","48.1"
"USC00190736","BLUE HILL, MA US","2011-05","11","0","0.0","0.64","89","0.0","57.8"
"USC00190736","BLUE HILL, MA US","2011-06","21","1","0.0","1.44","90","0.0","65.6"
"USC00190736","BLUE HILL, MA US","2011-07","31","4","0.0","1.10","99","0.0","74.4"
"USC00190736","BLUE HILL, MA US","2011-08","29","1","0.0","1.92","91","0.0","71.4"
"USC00190736","BLUE HILL, MA US","2011-09","22","0","0.0","1.05","83","0.0","65.6"
"USC00190736","BLUE HILL, MA US","2011-10","5","0","6.0","2.09","82","8.5","54.4"
"USC00190736","BLUE HILL, MA US","2011-11","0","0","0.0","1.26","68","0.0","47.7"
"USC00190736","BLUE HILL, MA US","2011-12","0","0","0.0","2.39","62","0.0","36.9"
"USC00190736","BLUE HILL, MA US","2012-01","0","0","3.3","1.20","59","8.1","30.7"
"USC00190736","BLUE HILL, MA US","2012-02","0","0","0.3","0.44","58","0.7","34.2"
"USC00190736","BLUE HILL, MA US","2012-03","7","0","3.5","0.80","81","7.0","43.4"
"USC00190736","BLUE HILL, MA US","2012-04","7","0","0.0","2.87","89","0.0","50.6"
"USC00190736","BLUE HILL, MA US","2012-05","15","0","0.0","1.24","84","0.0","59.7"
"USC00190736","BLUE HILL, MA US","2012-06","18","3","0.0","1.38","94","0.0","65.0"
"USC00190736","BLUE HILL, MA US","2012-07","30","5","0.0","1.44","95","0.0","74.6"
"USC00190736","BLUE HILL, MA US","2012-08","30","2","0.0","0.89","91","0.0","73.5"
"USC00190736","BLUE HILL, MA US","2012-09","23","0","0.0","1.03","86","0.0","64.0"
"USC00190736","BLUE HILL, MA US","2012-10","4","0","0.0","2.21","77","0.0","54.7"
"USC00190736","BLUE HILL, MA US","2012-11","0","0","4.0","0.87","66","6.0","40.4"
"USC00190736","BLUE HILL, MA US","2012-12","0","0","6.6","1.28","59","9.4","36.4"
"USC00190736","BLUE HILL, MA US","2013-01","0","0","2.5","0.40","59","6.0","28.4"
"USC00190736","BLUE HILL, MA US","2013-02","0","0","24.9","2.74","57","39.7","28.6"
"USC00190736","BLUE HILL, MA US","2013-03","0","0","17.5","1.82","56","37.8","35.0"
"USC00190736","BLUE HILL, MA US","2013-04","3","0","0.0","0.52","72","0.0","47.8"
"USC00190736","BLUE HILL, MA US","2013-05","16","0","0.0","0.66","86","0.0","59.0"
"USC00190736","BLUE HILL, MA US","2013-06","24","4","0.0","3.88","92","0.0","67.8"
"USC00190736","BLUE HILL, MA US","2013-07","29","10","0.0","0.89","95","0.0","75.3"
"USC00190736","BLUE HILL, MA US","2013-08","30","0","0.0","2.21","87","0.0","69.7"
"USC00190736","BLUE HILL, MA US","2013-09","18","1","0.0","2.56","93","0.0","62.9"
"USC00190736","BLUE HILL, MA US","2013-10","5","0","0.0","0.46","78","0.0","54.2"
"USC00190736","BLUE HILL, MA US","2013-11","0","0","0.2","1.52","68","0.2","40.0"
"USC00190736","BLUE HILL, MA US","2013-12","0","0","6.8","1.33","63","15.4","30.9"
"USC00190736","BLUE HILL, MA US","2014-01","0","0","14.0","1.24","57","32.9","24.0"
"USC00190736","BLUE HILL, MA US","2014-02","0","0","8.3","2.04","53","33.0","26.4"
"USC00190736","BLUE HILL, MA US","2014-03","0","0","0.9","2.41","57","3.1","29.7"
"USC00190736","BLUE HILL, MA US","2014-04","3","0","0.8","1.58","73","0.8","46.6"
"USC00190736","BLUE HILL, MA US","2014-05","13","0",,"1.30","85",,"58.5"
"USC00190736","BLUE HILL, MA US","2014-06","25","0","0.0","0.88","86","0.0","66.9"
"USC00190736","BLUE HILL, MA US","2014-07","31","1","0.0","2.74","91","0.0","72.5"
"USC00190736","BLUE HILL, MA US","2014-08","29","0","0.0","0.80","89","0.0","69.3"
"USC00190736","BLUE HILL, MA US","2014-09","23","2","0.0","0.17","91","0.0","65.6"
"USC00190736","BLUE HILL, MA US","2014-10","9","0","0.0","4.88","79","0.0","54.7"
"USC00190736","BLUE HILL, MA US","2014-11","0","0","3.5","1.81","66","8.7","40.0"
"USC00190736","BLUE HILL, MA US","2014-12","0","0","1.7","3.15","63","2.3","36.0"
"USC00190736","BLUE HILL, MA US","2015-01","0","0","15.5","1.58","51","43.0","22.6"
"USC00190736","BLUE HILL, MA US","2015-02","0","0","19.1","1.32","39","83.7","15.5"
"USC00190736","BLUE HILL, MA US","2015-03","0","0","4.4","0.84","55","13.3","30.3"
"USC00190736","BLUE HILL, MA US","2015-04","0","0","0.0","1.41","69","0.0","46.7"
"USC00190736","BLUE HILL, MA US","2015-05","22","0","0.0","0.34","88","0.0","62.5"
"USC00190736","BLUE HILL, MA US","2015-06","23","0","0.0","1.16","86","0.0","64.3"
"USC00190736","BLUE HILL, MA US","2015-07","31","2","0.0","2.03","92","0.0","72.9"
"USC00190736","BLUE HILL, MA US","2015-08","31","3","0.0","1.24","92","0.0","73.6"
"USC00190736","BLUE HILL, MA US","2015-09","25","3","0.0","0.92","97","0.0","68.6"
"USC00190736","BLUE HILL, MA US","2015-10","5","0","0.0","1.61","76","0.0","51.6"
"USC00190736","BLUE HILL, MA US","2015-11","3","0","0.0","1.18","72","0.0","46.4"
"USC00190736","BLUE HILL, MA US","2015-12","0","0","1.0","0.92","67","1.3","42.9"
"USC00190736","BLUE HILL, MA US","2016-01","0","0","7.1","1.53","58","14.3","28.8"
"USC00190736","BLUE HILL, MA US","2016-02","0","0","10.5","1.21","64","22.5","31.5"
"USC00190736","BLUE HILL, MA US","2016-03","1","0","3.2","1.05","75","4.4","40.6"
"USC00190736","BLUE HILL, MA US","2016-04","2","0","6.9","1.37","80","15.0","45.9"
"USC00190736","BLUE HILL, MA US","2016-05","12","1","0.0","0.87","92","0.0","57.2"
"USC00190736","BLUE HILL, MA US","2016-06","27","0","0.0","0.76","86","0.0","67.5"
"USC00190736","BLUE HILL, MA US","2016-07","28","11","0.0","0.41","96","0.0","75.2"
"USC00190736","BLUE HILL, MA US","2016-08","31","4","0.0","0.54","95","0.0","75.0"
"USC00190736","BLUE HILL, MA US","2016-09","23","1","0.0","0.95","90","0.0","66.4"
"USC00190736","BLUE HILL, MA US","2016-10","7","0","0.0","1.67","79","0.0","54.0"
"USC00190736","BLUE HILL, MA US","2016-11","0","0","0.0","1.27","69","0.0","43.9"
"USC00190736","BLUE HILL, MA US","2016-12","0","0","2.6","0.87","56","7.8","32.6"
"USC00190736","BLUE HILL, MA US","2017-01","0","0","9.5","1.52","59","11.5","32.4"
"USC00190736","BLUE HILL, MA US","2017-02","1","0","16.9","1.60","71","33.0","33.1"
"USC00190736","BLUE HILL, MA US","2017-03","0","0","6.8","2.13","61","10.4","31.5"
"USC00190736","BLUE HILL, MA US","2017-04","6","0","2.6","1.90","86","3.7","50.5"
"USC00190736","BLUE HILL, MA US","2017-05","6","2","0.0","1.40","96","0.0","55.1"
"USC00190736","BLUE HILL, MA US","2017-06","26","2","0.0","2.15","94","0.0","67.5"
"USC00190736","BLUE HILL, MA US","2017-07","26","3","0.0","1.73","90","0.0","71.2"
"USC00190736","BLUE HILL, MA US","2017-08","30","0","0.0","1.09","89","0.0","71.0"
"USC00190736","BLUE HILL, MA US","2017-09","21","0","0.0","1.28","86","0.0","66.5"
"USC00190736","BLUE HILL, MA US","2017-10","13","0","0.0","3.12","79","0.0","59.6"
"USC00190736","BLUE HILL, MA US","2017-11","2","0","0.0","0.85","74","0.0","41.4"
"USC00190736","BLUE HILL, MA US","2017-12","0","0","5.6","0.72","58","9.4","27.6"
"USC00190736","BLUE HILL, MA US","2018-01","0","0","16.5","2.28","60","25.2","25.0"
"USC00190736","BLUE HILL, MA US","2018-02","1","0","5.8","0.68","70","9.4","34.9"
"USC00190736","BLUE HILL, MA US","2018-03","0","0","17.2","2.72","62","45.5","34.4"
"USC00190736","BLUE HILL, MA US","2018-04","1","0","1.6","2.27","73","2.6","43.9"
"USC00190736","BLUE HILL, MA US","2018-05","19","1","0.0","0.74","90","0.0","61.1"
"USC00190736","BLUE HILL, MA US","2018-06","22","0","0.0","1.11","87","0.0","66.0"
"USC00190736","BLUE HILL, MA US","2018-07","31","6","0.0","1.36","94","0.0","74.7"
"USC00190736","BLUE HILL, MA US","2018-08","29","5","0.0","1.16","94","0.0","74.9"
"USC00190736","BLUE HILL, MA US","2018-09","18","2","0.0","3.32","92","0.0","65.4"
"USC00190736","BLUE HILL, MA US","2018-10","4","0","0.0","2.02","82","0.0","50.5"
"USC00190736","BLUE HILL, MA US","2018-11","0","0","7.5","1.73","65","7.6","38.5"
"USC00190736","BLUE HILL, MA US","2018-12","0","0","0.1","1.02","62","0.1","32.4"
"USC00190736","BLUE HILL, MA US","2019-01","0","0","4.2","1.41","57","4.7","26.6"
